Items Scraped,Keyword,Product,EPID,Brand,Category,Seller,Items Sold,Condition,Location,Price,Image,Payment,URL,UPC,EAN,MPN,ISBN
1,piano,61-Key Digital Music Piano Keyoard - Portale Electronic Musical Instrument,272393514433,Hamzer,"Musical Instruments & Gear, Pianos, Keyboards & Organs, Electronic Keyboards",leadingliving,365,New,"Fort Lauderdale, FL, United States",81.99,https://i.ebayimg.com/images/g/akoAAOSwcrJd3UfJ/s-l300.jpg,"'PayPal', 'Google Pay', 'Visa', 'Master Card', 'Amex', 'Discover', 'PayPal Credit'",https://www.ebay.com/itm/61-Key-Digital-Music-Piano-Keyboard-Portable-Electronic-Musical-Instrument/272393514433?epid=1692784401&_trkparms=ispr%3D1&hash=item3f6beb2dc1:g:akoAAOSwcrJd3UfJ&enc=AQAFAAACYBaobrjLl8XobRIiIML1V4Imu%2Fn%2BzU5L90Z278x5ickkY3FSd4Ad8xn3oRtkVexxrJucFFT6GoaO0xJIwIvxefcwj5BrZ7wd4%2FPVkjTOOS0bnY6PZIDuQfAgtAqRmgYK0Mwgq22ovlsliGavOqp19L2vz9NDlNcwJ56%2FB0vJwYr9AAY4woCkylzlWGpEBzbQkLmOjWTUn0VbNN3pDHi1ESDKd2NOuIk8uCuDqCcdSx3LwQvvJeygPxHh5%2FKm5paVP0i641AU2RzTSPAGI7Nk2SUGO5U66PpB0mirD%2B%2FmvAWYcgTTsrsA62N51jzIVMUKn5tkCXdJCzqbSRw46SfPaV0okkjlVmChKvLgbds5FwnpmNMerLarF63NSDTVbepGbLiFaO485NNk6tjbxO9Q8lr5aIPJSt59CjLKAMgsIzOSRXmJGPNaz5dPgWYiMr7wXacVWj%2Fu%2FXKKx40JGLsv4KsWqlnAEcfYv4kDf0ToSepzdYcq7YXmy1I8ne5fCSmLB69w%2FP1yaHAkbE39Uj1OdH7MmEQImLnf2uloQ8jDf00wZNzC2N3mJt7Ks4vnJkODHJKZ70FZEX6sRZ5yCAC3diiGM2jOz6CzaO8mQ3m6VueG9LfJUwrNrptBnICMQtHtCNU7q%2FOzLwjua0ioPeOZOhOhILIvMhtS8uaCUDcdhziFhX0caIWDhMiIu%2FbSD%2B2hWZHSXiW95BiBSsrL5WwatBWGXlEZgDnWzv7BFioxWxwTWrYQcYc8E8R1QiJcQ6KgzmGi6r3hiQwjyIAZMCOyAw230N%2ByFDRxaojNslDSTBg3&checksum=27239351443365023520f4fc4d9bb2d309cb4f805e91,702082708354,702082708354,,
2,piano,Full Size 61 Keys Light Up Electronic Keyoard Digital Music Piano Microphone,143371917153,MUCH,"Musical Instruments & Gear, Pianos, Keyboards & Organs, Electronic Keyboards, Toys & Hobbies, Educational, Music & Art",goodssale2010,236,New,"Kenilworth, New Jersey, United States",58.99,https://i.ebayimg.com/images/g/KpEAAOSwbLpelLfw/s-l300.jpg,"'PayPal', 'Visa', 'Master Card', 'Amex', 'Discover', 'PayPal Credit'",https://www.ebay.com/itm/61-Key-Digital-Music-Piano-Keyboard-Portable-Electronic-Musical-Instrument/272393514433?epid=1692784401&_trkparms=ispr%3D1&hash=item3f6beb2dc1:g:akoAAOSwcrJd3UfJ&enc=AQAFAAACYBaobrjLl8XobRIiIML1V4Imu%2Fn%2BzU5L90Z278x5ickkY3FSd4Ad8xn3oRtkVexxrJucFFT6GoaO0xJIwIvxefcwj5BrZ7wd4%2FPVkjTOOS0bnY6PZIDuQfAgtAqRmgYK0Mwgq22ovlsliGavOqp19L2vz9NDlNcwJ56%2FB0vJwYr9AAY4woCkylzlWGpEBzbQkLmOjWTUn0VbNN3pDHi1ESDKd2NOuIk8uCuDqCcdSx3LwQvvJeygPxHh5%2FKm5paVP0i641AU2RzTSPAGI7Nk2SUGO5U66PpB0mirD%2B%2FmvAWYcgTTsrsA62N51jzIVMUKn5tkCXdJCzqbSRw46SfPaV0okkjlVmChKvLgbds5FwnpmNMerLarF63NSDTVbepGbLiFaO485NNk6tjbxO9Q8lr5aIPJSt59CjLKAMgsIzOSRXmJGPNaz5dPgWYiMr7wXacVWj%2Fu%2FXKKx40JGLsv4KsWqlnAEcfYv4kDf0ToSepzdYcq7YXmy1I8ne5fCSmLB69w%2FP1yaHAkbE39Uj1OdH7MmEQImLnf2uloQ8jDf00wZNzC2N3mJt7Ks4vnJkODHJKZ70FZEX6sRZ5yCAC3diiGM2jOz6CzaO8mQ3m6VueG9LfJUwrNrptBnICMQtHtCNU7q%2FOzLwjua0ioPeOZOhOhILIvMhtS8uaCUDcdhziFhX0caIWDhMiIu%2FbSD%2B2hWZHSXiW95BiBSsrL5WwatBWGXlEZgDnWzv7BFioxWxwTWrYQcYc8E8R1QiJcQ6KgzmGi6r3hiQwjyIAZMCOyAw230N%2ByFDRxaojNslDSTBg3&checksum=27239351443365023520f4fc4d9bb2d309cb4f805e91,600685611227,600685611227,,
3,piano,61-Key Electronic Keyoard Portale Digital Music Piano,372694084647,Hamzer,"Musical Instruments & Gear, Pianos, Keyboards & Organs",mixwholesale,62,New,"Fort Lauderdale, FL, United States",114.99,https://i.ebayimg.com/images/g/EmUAAOSwOEJd3U7u/s-l300.jpg,"'PayPal', 'Google Pay', 'Visa', 'Master Card', 'Amex', 'Discover', 'PayPal Credit'",https://www.ebay.com/itm/61-Key-Digital-Music-Piano-Keyboard-Portable-Electronic-Musical-Instrument/272393514433?epid=1692784401&_trkparms=ispr%3D1&hash=item3f6beb2dc1:g:akoAAOSwcrJd3UfJ&enc=AQAFAAACYBaobrjLl8XobRIiIML1V4Imu%2Fn%2BzU5L90Z278x5ickkY3FSd4Ad8xn3oRtkVexxrJucFFT6GoaO0xJIwIvxefcwj5BrZ7wd4%2FPVkjTOOS0bnY6PZIDuQfAgtAqRmgYK0Mwgq22ovlsliGavOqp19L2vz9NDlNcwJ56%2FB0vJwYr9AAY4woCkylzlWGpEBzbQkLmOjWTUn0VbNN3pDHi1ESDKd2NOuIk8uCuDqCcdSx3LwQvvJeygPxHh5%2FKm5paVP0i641AU2RzTSPAGI7Nk2SUGO5U66PpB0mirD%2B%2FmvAWYcgTTsrsA62N51jzIVMUKn5tkCXdJCzqbSRw46SfPaV0okkjlVmChKvLgbds5FwnpmNMerLarF63NSDTVbepGbLiFaO485NNk6tjbxO9Q8lr5aIPJSt59CjLKAMgsIzOSRXmJGPNaz5dPgWYiMr7wXacVWj%2Fu%2FXKKx40JGLsv4KsWqlnAEcfYv4kDf0ToSepzdYcq7YXmy1I8ne5fCSmLB69w%2FP1yaHAkbE39Uj1OdH7MmEQImLnf2uloQ8jDf00wZNzC2N3mJt7Ks4vnJkODHJKZ70FZEX6sRZ5yCAC3diiGM2jOz6CzaO8mQ3m6VueG9LfJUwrNrptBnICMQtHtCNU7q%2FOzLwjua0ioPeOZOhOhILIvMhtS8uaCUDcdhziFhX0caIWDhMiIu%2FbSD%2B2hWZHSXiW95BiBSsrL5WwatBWGXlEZgDnWzv7BFioxWxwTWrYQcYc8E8R1QiJcQ6KgzmGi6r3hiQwjyIAZMCOyAw230N%2ByFDRxaojNslDSTBg3&checksum=27239351443365023520f4fc4d9bb2d309cb4f805e91,,,,
4,piano,88-Key Electronic Keyoard Portale Digital Music Piano,352698024515,Hamzer,"Musical Instruments & Gear, Pianos, Keyboards & Organs",mixwholesale,159,New,"Fort Lauderdale, FL, United States",204.99,https://i.ebayimg.com/images/g/mgsAAOSwPGBd3VAr/s-l300.jpg,"'PayPal', 'Google Pay', 'Visa', 'Master Card', 'Amex', 'Discover', 'PayPal Credit'",https://www.ebay.com/itm/61-Key-Digital-Music-Piano-Keyboard-Portable-Electronic-Musical-Instrument/272393514433?epid=1692784401&_trkparms=ispr%3D1&hash=item3f6beb2dc1:g:akoAAOSwcrJd3UfJ&enc=AQAFAAACYBaobrjLl8XobRIiIML1V4Imu%2Fn%2BzU5L90Z278x5ickkY3FSd4Ad8xn3oRtkVexxrJucFFT6GoaO0xJIwIvxefcwj5BrZ7wd4%2FPVkjTOOS0bnY6PZIDuQfAgtAqRmgYK0Mwgq22ovlsliGavOqp19L2vz9NDlNcwJ56%2FB0vJwYr9AAY4woCkylzlWGpEBzbQkLmOjWTUn0VbNN3pDHi1ESDKd2NOuIk8uCuDqCcdSx3LwQvvJeygPxHh5%2FKm5paVP0i641AU2RzTSPAGI7Nk2SUGO5U66PpB0mirD%2B%2FmvAWYcgTTsrsA62N51jzIVMUKn5tkCXdJCzqbSRw46SfPaV0okkjlVmChKvLgbds5FwnpmNMerLarF63NSDTVbepGbLiFaO485NNk6tjbxO9Q8lr5aIPJSt59CjLKAMgsIzOSRXmJGPNaz5dPgWYiMr7wXacVWj%2Fu%2FXKKx40JGLsv4KsWqlnAEcfYv4kDf0ToSepzdYcq7YXmy1I8ne5fCSmLB69w%2FP1yaHAkbE39Uj1OdH7MmEQImLnf2uloQ8jDf00wZNzC2N3mJt7Ks4vnJkODHJKZ70FZEX6sRZ5yCAC3diiGM2jOz6CzaO8mQ3m6VueG9LfJUwrNrptBnICMQtHtCNU7q%2FOzLwjua0ioPeOZOhOhILIvMhtS8uaCUDcdhziFhX0caIWDhMiIu%2FbSD%2B2hWZHSXiW95BiBSsrL5WwatBWGXlEZgDnWzv7BFioxWxwTWrYQcYc8E8R1QiJcQ6KgzmGi6r3hiQwjyIAZMCOyAw230N%2ByFDRxaojNslDSTBg3&checksum=27239351443365023520f4fc4d9bb2d309cb4f805e91,,,,
5,piano,Digital Piano Keyoard 61 Key - Portale Electronic Instrument with Mic,352401995930,Generic,"Musical Instruments & Gear, Pianos, Keyboards & Organs",mixwholesale,162,New,"Fort Lauderdale, FL, United States",71.99,https://i.ebayimg.com/images/g/5tcAAOSwqqJb2vqe/s-l300.jpg,"'PayPal', 'Google Pay', 'Visa', 'Master Card', 'Amex', 'Discover', 'PayPal Credit'",https://www.ebay.com/itm/61-Key-Digital-Music-Piano-Keyboard-Portable-Electronic-Musical-Instrument/272393514433?epid=1692784401&_trkparms=ispr%3D1&hash=item3f6beb2dc1:g:akoAAOSwcrJd3UfJ&enc=AQAFAAACYBaobrjLl8XobRIiIML1V4Imu%2Fn%2BzU5L90Z278x5ickkY3FSd4Ad8xn3oRtkVexxrJucFFT6GoaO0xJIwIvxefcwj5BrZ7wd4%2FPVkjTOOS0bnY6PZIDuQfAgtAqRmgYK0Mwgq22ovlsliGavOqp19L2vz9NDlNcwJ56%2FB0vJwYr9AAY4woCkylzlWGpEBzbQkLmOjWTUn0VbNN3pDHi1ESDKd2NOuIk8uCuDqCcdSx3LwQvvJeygPxHh5%2FKm5paVP0i641AU2RzTSPAGI7Nk2SUGO5U66PpB0mirD%2B%2FmvAWYcgTTsrsA62N51jzIVMUKn5tkCXdJCzqbSRw46SfPaV0okkjlVmChKvLgbds5FwnpmNMerLarF63NSDTVbepGbLiFaO485NNk6tjbxO9Q8lr5aIPJSt59CjLKAMgsIzOSRXmJGPNaz5dPgWYiMr7wXacVWj%2Fu%2FXKKx40JGLsv4KsWqlnAEcfYv4kDf0ToSepzdYcq7YXmy1I8ne5fCSmLB69w%2FP1yaHAkbE39Uj1OdH7MmEQImLnf2uloQ8jDf00wZNzC2N3mJt7Ks4vnJkODHJKZ70FZEX6sRZ5yCAC3diiGM2jOz6CzaO8mQ3m6VueG9LfJUwrNrptBnICMQtHtCNU7q%2FOzLwjua0ioPeOZOhOhILIvMhtS8uaCUDcdhziFhX0caIWDhMiIu%2FbSD%2B2hWZHSXiW95BiBSsrL5WwatBWGXlEZgDnWzv7BFioxWxwTWrYQcYc8E8R1QiJcQ6KgzmGi6r3hiQwjyIAZMCOyAw230N%2ByFDRxaojNslDSTBg3&checksum=27239351443365023520f4fc4d9bb2d309cb4f805e91,,,,
6,piano,Yamaha P45 88 Key Digital Stage Piano,303617320386,,"Musical Instruments & Gear, Pianos, Keyboards & Organs, Electronic Keyboards",mhzstudio8,,Used,"Oakland, New Jersey, United States",102.50,https://i.ebayimg.com/images/g/A0IAAOSwyhhfBOHV/s-l300.jpg,"'PayPal', 'Google Pay', 'Visa', 'Master Card', 'Amex', 'Discover', 'PayPal Credit'",https://www.ebay.com/itm/61-Key-Digital-Music-Piano-Keyboard-Portable-Electronic-Musical-Instrument/272393514433?epid=1692784401&_trkparms=ispr%3D1&hash=item3f6beb2dc1:g:akoAAOSwcrJd3UfJ&enc=AQAFAAACYBaobrjLl8XobRIiIML1V4Imu%2Fn%2BzU5L90Z278x5ickkY3FSd4Ad8xn3oRtkVexxrJucFFT6GoaO0xJIwIvxefcwj5BrZ7wd4%2FPVkjTOOS0bnY6PZIDuQfAgtAqRmgYK0Mwgq22ovlsliGavOqp19L2vz9NDlNcwJ56%2FB0vJwYr9AAY4woCkylzlWGpEBzbQkLmOjWTUn0VbNN3pDHi1ESDKd2NOuIk8uCuDqCcdSx3LwQvvJeygPxHh5%2FKm5paVP0i641AU2RzTSPAGI7Nk2SUGO5U66PpB0mirD%2B%2FmvAWYcgTTsrsA62N51jzIVMUKn5tkCXdJCzqbSRw46SfPaV0okkjlVmChKvLgbds5FwnpmNMerLarF63NSDTVbepGbLiFaO485NNk6tjbxO9Q8lr5aIPJSt59CjLKAMgsIzOSRXmJGPNaz5dPgWYiMr7wXacVWj%2Fu%2FXKKx40JGLsv4KsWqlnAEcfYv4kDf0ToSepzdYcq7YXmy1I8ne5fCSmLB69w%2FP1yaHAkbE39Uj1OdH7MmEQImLnf2uloQ8jDf00wZNzC2N3mJt7Ks4vnJkODHJKZ70FZEX6sRZ5yCAC3diiGM2jOz6CzaO8mQ3m6VueG9LfJUwrNrptBnICMQtHtCNU7q%2FOzLwjua0ioPeOZOhOhILIvMhtS8uaCUDcdhziFhX0caIWDhMiIu%2FbSD%2B2hWZHSXiW95BiBSsrL5WwatBWGXlEZgDnWzv7BFioxWxwTWrYQcYc8E8R1QiJcQ6KgzmGi6r3hiQwjyIAZMCOyAw230N%2ByFDRxaojNslDSTBg3&checksum=27239351443365023520f4fc4d9bb2d309cb4f805e91,,,,
7,piano,GreenPro 61 Key Portale Electronic Piano Keyoard LED Display,324003517196,GREENCO,"Musical Instruments & Gear, Pianos, Keyboards & Organs, Electronic Keyboards",homecollc,92,New,"Norfolk, Virginia, United States",99.99,https://i.ebayimg.com/images/g/GrUAAOSwsAtd6W-u/s-l300.jpg,"'PayPal', 'Visa', 'Master Card', 'Amex', 'Discover', 'PayPal Credit'",https://www.ebay.com/itm/61-Key-Digital-Music-Piano-Keyboard-Portable-Electronic-Musical-Instrument/272393514433?epid=1692784401&_trkparms=ispr%3D1&hash=item3f6beb2dc1:g:akoAAOSwcrJd3UfJ&enc=AQAFAAACYBaobrjLl8XobRIiIML1V4Imu%2Fn%2BzU5L90Z278x5ickkY3FSd4Ad8xn3oRtkVexxrJucFFT6GoaO0xJIwIvxefcwj5BrZ7wd4%2FPVkjTOOS0bnY6PZIDuQfAgtAqRmgYK0Mwgq22ovlsliGavOqp19L2vz9NDlNcwJ56%2FB0vJwYr9AAY4woCkylzlWGpEBzbQkLmOjWTUn0VbNN3pDHi1ESDKd2NOuIk8uCuDqCcdSx3LwQvvJeygPxHh5%2FKm5paVP0i641AU2RzTSPAGI7Nk2SUGO5U66PpB0mirD%2B%2FmvAWYcgTTsrsA62N51jzIVMUKn5tkCXdJCzqbSRw46SfPaV0okkjlVmChKvLgbds5FwnpmNMerLarF63NSDTVbepGbLiFaO485NNk6tjbxO9Q8lr5aIPJSt59CjLKAMgsIzOSRXmJGPNaz5dPgWYiMr7wXacVWj%2Fu%2FXKKx40JGLsv4KsWqlnAEcfYv4kDf0ToSepzdYcq7YXmy1I8ne5fCSmLB69w%2FP1yaHAkbE39Uj1OdH7MmEQImLnf2uloQ8jDf00wZNzC2N3mJt7Ks4vnJkODHJKZ70FZEX6sRZ5yCAC3diiGM2jOz6CzaO8mQ3m6VueG9LfJUwrNrptBnICMQtHtCNU7q%2FOzLwjua0ioPeOZOhOhILIvMhtS8uaCUDcdhziFhX0caIWDhMiIu%2FbSD%2B2hWZHSXiW95BiBSsrL5WwatBWGXlEZgDnWzv7BFioxWxwTWrYQcYc8E8R1QiJcQ6KgzmGi6r3hiQwjyIAZMCOyAw230N%2ByFDRxaojNslDSTBg3&checksum=27239351443365023520f4fc4d9bb2d309cb4f805e91,810301030022,810301030022,GRP30022,
8,piano,61 Key Music Electronic Keyoard Electric Digital Piano Organ with Microphone,113976236124,Unbranded,"Musical Instruments & Gear, Pianos, Keyboards & Organs",super-yes,149,New,"Dayton, Ohio, United States",25.90,https://i.ebayimg.com/images/g/TmYAAOSwThNdy8I3/s-l300.jpg,"'PayPal', 'Visa', 'Master Card', 'Amex', 'Discover', 'PayPal Credit'",https://www.ebay.com/itm/61-Key-Digital-Music-Piano-Keyboard-Portable-Electronic-Musical-Instrument/272393514433?epid=1692784401&_trkparms=ispr%3D1&hash=item3f6beb2dc1:g:akoAAOSwcrJd3UfJ&enc=AQAFAAACYBaobrjLl8XobRIiIML1V4Imu%2Fn%2BzU5L90Z278x5ickkY3FSd4Ad8xn3oRtkVexxrJucFFT6GoaO0xJIwIvxefcwj5BrZ7wd4%2FPVkjTOOS0bnY6PZIDuQfAgtAqRmgYK0Mwgq22ovlsliGavOqp19L2vz9NDlNcwJ56%2FB0vJwYr9AAY4woCkylzlWGpEBzbQkLmOjWTUn0VbNN3pDHi1ESDKd2NOuIk8uCuDqCcdSx3LwQvvJeygPxHh5%2FKm5paVP0i641AU2RzTSPAGI7Nk2SUGO5U66PpB0mirD%2B%2FmvAWYcgTTsrsA62N51jzIVMUKn5tkCXdJCzqbSRw46SfPaV0okkjlVmChKvLgbds5FwnpmNMerLarF63NSDTVbepGbLiFaO485NNk6tjbxO9Q8lr5aIPJSt59CjLKAMgsIzOSRXmJGPNaz5dPgWYiMr7wXacVWj%2Fu%2FXKKx40JGLsv4KsWqlnAEcfYv4kDf0ToSepzdYcq7YXmy1I8ne5fCSmLB69w%2FP1yaHAkbE39Uj1OdH7MmEQImLnf2uloQ8jDf00wZNzC2N3mJt7Ks4vnJkODHJKZ70FZEX6sRZ5yCAC3diiGM2jOz6CzaO8mQ3m6VueG9LfJUwrNrptBnICMQtHtCNU7q%2FOzLwjua0ioPeOZOhOhILIvMhtS8uaCUDcdhziFhX0caIWDhMiIu%2FbSD%2B2hWZHSXiW95BiBSsrL5WwatBWGXlEZgDnWzv7BFioxWxwTWrYQcYc8E8R1QiJcQ6KgzmGi6r3hiQwjyIAZMCOyAw230N%2ByFDRxaojNslDSTBg3&checksum=27239351443365023520f4fc4d9bb2d309cb4f805e91,,,SU001011,
9,piano,Roland EP-9 88 Key Digital Keyoard Piano,124252747255,Roland,"Musical Instruments & Gear, Pianos, Keyboards & Organs",volkweinsmusic,,Used,"Pittsurgh, Pennsylvania, United States",127.75,https://i.ebayimg.com/images/g/OUwAAOSw0aRfBhm5/s-l300.jpg,"'PayPal', 'Visa', 'Master Card', 'Amex', 'Discover', 'PayPal Credit'",https://www.ebay.com/itm/61-Key-Digital-Music-Piano-Keyboard-Portable-Electronic-Musical-Instrument/272393514433?epid=1692784401&_trkparms=ispr%3D1&hash=item3f6beb2dc1:g:akoAAOSwcrJd3UfJ&enc=AQAFAAACYBaobrjLl8XobRIiIML1V4Imu%2Fn%2BzU5L90Z278x5ickkY3FSd4Ad8xn3oRtkVexxrJucFFT6GoaO0xJIwIvxefcwj5BrZ7wd4%2FPVkjTOOS0bnY6PZIDuQfAgtAqRmgYK0Mwgq22ovlsliGavOqp19L2vz9NDlNcwJ56%2FB0vJwYr9AAY4woCkylzlWGpEBzbQkLmOjWTUn0VbNN3pDHi1ESDKd2NOuIk8uCuDqCcdSx3LwQvvJeygPxHh5%2FKm5paVP0i641AU2RzTSPAGI7Nk2SUGO5U66PpB0mirD%2B%2FmvAWYcgTTsrsA62N51jzIVMUKn5tkCXdJCzqbSRw46SfPaV0okkjlVmChKvLgbds5FwnpmNMerLarF63NSDTVbepGbLiFaO485NNk6tjbxO9Q8lr5aIPJSt59CjLKAMgsIzOSRXmJGPNaz5dPgWYiMr7wXacVWj%2Fu%2FXKKx40JGLsv4KsWqlnAEcfYv4kDf0ToSepzdYcq7YXmy1I8ne5fCSmLB69w%2FP1yaHAkbE39Uj1OdH7MmEQImLnf2uloQ8jDf00wZNzC2N3mJt7Ks4vnJkODHJKZ70FZEX6sRZ5yCAC3diiGM2jOz6CzaO8mQ3m6VueG9LfJUwrNrptBnICMQtHtCNU7q%2FOzLwjua0ioPeOZOhOhILIvMhtS8uaCUDcdhziFhX0caIWDhMiIu%2FbSD%2B2hWZHSXiW95BiBSsrL5WwatBWGXlEZgDnWzv7BFioxWxwTWrYQcYc8E8R1QiJcQ6KgzmGi6r3hiQwjyIAZMCOyAw230N%2ByFDRxaojNslDSTBg3&checksum=27239351443365023520f4fc4d9bb2d309cb4f805e91,,,EP-9,
10,piano,"Electronic Keyoard Piano, 49-Lighted Key Electric Piano Keyoard",124227187351,Vangoa,"Musical Instruments & Gear, Pianos, Keyboards & Organs",corlsea2013,5,New,"Rowland Heights, California, United States",75.98,https://i.ebayimg.com/images/g/AqMAAOSwRNFe~WLP/s-l300.jpg,"'PayPal', 'Visa', 'Master Card', 'Amex', 'Discover', 'PayPal Credit'",https://www.ebay.com/itm/61-Key-Digital-Music-Piano-Keyboard-Portable-Electronic-Musical-Instrument/272393514433?epid=1692784401&_trkparms=ispr%3D1&hash=item3f6beb2dc1:g:akoAAOSwcrJd3UfJ&enc=AQAFAAACYBaobrjLl8XobRIiIML1V4Imu%2Fn%2BzU5L90Z278x5ickkY3FSd4Ad8xn3oRtkVexxrJucFFT6GoaO0xJIwIvxefcwj5BrZ7wd4%2FPVkjTOOS0bnY6PZIDuQfAgtAqRmgYK0Mwgq22ovlsliGavOqp19L2vz9NDlNcwJ56%2FB0vJwYr9AAY4woCkylzlWGpEBzbQkLmOjWTUn0VbNN3pDHi1ESDKd2NOuIk8uCuDqCcdSx3LwQvvJeygPxHh5%2FKm5paVP0i641AU2RzTSPAGI7Nk2SUGO5U66PpB0mirD%2B%2FmvAWYcgTTsrsA62N51jzIVMUKn5tkCXdJCzqbSRw46SfPaV0okkjlVmChKvLgbds5FwnpmNMerLarF63NSDTVbepGbLiFaO485NNk6tjbxO9Q8lr5aIPJSt59CjLKAMgsIzOSRXmJGPNaz5dPgWYiMr7wXacVWj%2Fu%2FXKKx40JGLsv4KsWqlnAEcfYv4kDf0ToSepzdYcq7YXmy1I8ne5fCSmLB69w%2FP1yaHAkbE39Uj1OdH7MmEQImLnf2uloQ8jDf00wZNzC2N3mJt7Ks4vnJkODHJKZ70FZEX6sRZ5yCAC3diiGM2jOz6CzaO8mQ3m6VueG9LfJUwrNrptBnICMQtHtCNU7q%2FOzLwjua0ioPeOZOhOhILIvMhtS8uaCUDcdhziFhX0caIWDhMiIu%2FbSD%2B2hWZHSXiW95BiBSsrL5WwatBWGXlEZgDnWzv7BFioxWxwTWrYQcYc8E8R1QiJcQ6KgzmGi6r3hiQwjyIAZMCOyAw230N%2ByFDRxaojNslDSTBg3&checksum=27239351443365023520f4fc4d9bb2d309cb4f805e91,,,,
11,piano,Beginner&Adults 88 Key LCD Digital Piano Electric Keyoard w/Cover+3 Pedal Board,192567182501,Uenjoy,"Musical Instruments & Gear, Pianos, Keyboards & Organs, Pianos, Digital Pianos, Musical Instruments & Gear, Pianos, Keyboards & Organs",uenjoy.i,44,New,"New Jersey, United States",388.99,https://i.ebayimg.com/images/g/6KcAAOSwNRJckJ8Q/s-l300.jpg,"'PayPal', 'Visa', 'Master Card', 'Amex', 'Discover', 'PayPal Credit'",https://www.ebay.com/itm/61-Key-Digital-Music-Piano-Keyboard-Portable-Electronic-Musical-Instrument/272393514433?epid=1692784401&_trkparms=ispr%3D1&hash=item3f6beb2dc1:g:akoAAOSwcrJd3UfJ&enc=AQAFAAACYBaobrjLl8XobRIiIML1V4Imu%2Fn%2BzU5L90Z278x5ickkY3FSd4Ad8xn3oRtkVexxrJucFFT6GoaO0xJIwIvxefcwj5BrZ7wd4%2FPVkjTOOS0bnY6PZIDuQfAgtAqRmgYK0Mwgq22ovlsliGavOqp19L2vz9NDlNcwJ56%2FB0vJwYr9AAY4woCkylzlWGpEBzbQkLmOjWTUn0VbNN3pDHi1ESDKd2NOuIk8uCuDqCcdSx3LwQvvJeygPxHh5%2FKm5paVP0i641AU2RzTSPAGI7Nk2SUGO5U66PpB0mirD%2B%2FmvAWYcgTTsrsA62N51jzIVMUKn5tkCXdJCzqbSRw46SfPaV0okkjlVmChKvLgbds5FwnpmNMerLarF63NSDTVbepGbLiFaO485NNk6tjbxO9Q8lr5aIPJSt59CjLKAMgsIzOSRXmJGPNaz5dPgWYiMr7wXacVWj%2Fu%2FXKKx40JGLsv4KsWqlnAEcfYv4kDf0ToSepzdYcq7YXmy1I8ne5fCSmLB69w%2FP1yaHAkbE39Uj1OdH7MmEQImLnf2uloQ8jDf00wZNzC2N3mJt7Ks4vnJkODHJKZ70FZEX6sRZ5yCAC3diiGM2jOz6CzaO8mQ3m6VueG9LfJUwrNrptBnICMQtHtCNU7q%2FOzLwjua0ioPeOZOhOhILIvMhtS8uaCUDcdhziFhX0caIWDhMiIu%2FbSD%2B2hWZHSXiW95BiBSsrL5WwatBWGXlEZgDnWzv7BFioxWxwTWrYQcYc8E8R1QiJcQ6KgzmGi6r3hiQwjyIAZMCOyAw230N%2ByFDRxaojNslDSTBg3&checksum=27239351443365023520f4fc4d9bb2d309cb4f805e91,699968352438,699968352438,6010200600BI,
12,piano,61 Key Digital Music Electronic Keyoard Kids Electric Piano Organ w/ Microphone,143182074593,Unbranded,"Musical Instruments & Gear, Pianos, Keyboards & Organs",totalfolks2018,"2,035",New,"Dayton, Ohio, United States",25.98,https://i.ebayimg.com/images/g/tYoAAOSw1rBbRr1J/s-l300.jpg,"'PayPal', 'Google Pay', 'Visa', 'Master Card', 'Amex', 'Discover', 'PayPal Credit'",https://www.ebay.com/itm/61-Key-Digital-Music-Piano-Keyboard-Portable-Electronic-Musical-Instrument/272393514433?epid=1692784401&_trkparms=ispr%3D1&hash=item3f6beb2dc1:g:akoAAOSwcrJd3UfJ&enc=AQAFAAACYBaobrjLl8XobRIiIML1V4Imu%2Fn%2BzU5L90Z278x5ickkY3FSd4Ad8xn3oRtkVexxrJucFFT6GoaO0xJIwIvxefcwj5BrZ7wd4%2FPVkjTOOS0bnY6PZIDuQfAgtAqRmgYK0Mwgq22ovlsliGavOqp19L2vz9NDlNcwJ56%2FB0vJwYr9AAY4woCkylzlWGpEBzbQkLmOjWTUn0VbNN3pDHi1ESDKd2NOuIk8uCuDqCcdSx3LwQvvJeygPxHh5%2FKm5paVP0i641AU2RzTSPAGI7Nk2SUGO5U66PpB0mirD%2B%2FmvAWYcgTTsrsA62N51jzIVMUKn5tkCXdJCzqbSRw46SfPaV0okkjlVmChKvLgbds5FwnpmNMerLarF63NSDTVbepGbLiFaO485NNk6tjbxO9Q8lr5aIPJSt59CjLKAMgsIzOSRXmJGPNaz5dPgWYiMr7wXacVWj%2Fu%2FXKKx40JGLsv4KsWqlnAEcfYv4kDf0ToSepzdYcq7YXmy1I8ne5fCSmLB69w%2FP1yaHAkbE39Uj1OdH7MmEQImLnf2uloQ8jDf00wZNzC2N3mJt7Ks4vnJkODHJKZ70FZEX6sRZ5yCAC3diiGM2jOz6CzaO8mQ3m6VueG9LfJUwrNrptBnICMQtHtCNU7q%2FOzLwjua0ioPeOZOhOhILIvMhtS8uaCUDcdhziFhX0caIWDhMiIu%2FbSD%2B2hWZHSXiW95BiBSsrL5WwatBWGXlEZgDnWzv7BFioxWxwTWrYQcYc8E8R1QiJcQ6KgzmGi6r3hiQwjyIAZMCOyAw230N%2ByFDRxaojNslDSTBg3&checksum=27239351443365023520f4fc4d9bb2d309cb4f805e91,,,,
13,piano,61 Key Music Digital Electronic Keyoard with X Stand Electric Piano Organ Black,153124898743,Kenwell,"Musical Instruments & Gear, Pianos, Keyboards & Organs, Electronic Keyboards",kenwell2017,22,New,"Ontario, California, United States",81.99,https://i.ebayimg.com/images/g/HekAAOSwnY1d04ir/s-l300.jpg,"'PayPal', 'Visa', 'Master Card', 'Amex', 'Discover', 'PayPal Credit'",https://www.ebay.com/itm/61-Key-Digital-Music-Piano-Keyboard-Portable-Electronic-Musical-Instrument/272393514433?epid=1692784401&_trkparms=ispr%3D1&hash=item3f6beb2dc1:g:akoAAOSwcrJd3UfJ&enc=AQAFAAACYBaobrjLl8XobRIiIML1V4Imu%2Fn%2BzU5L90Z278x5ickkY3FSd4Ad8xn3oRtkVexxrJucFFT6GoaO0xJIwIvxefcwj5BrZ7wd4%2FPVkjTOOS0bnY6PZIDuQfAgtAqRmgYK0Mwgq22ovlsliGavOqp19L2vz9NDlNcwJ56%2FB0vJwYr9AAY4woCkylzlWGpEBzbQkLmOjWTUn0VbNN3pDHi1ESDKd2NOuIk8uCuDqCcdSx3LwQvvJeygPxHh5%2FKm5paVP0i641AU2RzTSPAGI7Nk2SUGO5U66PpB0mirD%2B%2FmvAWYcgTTsrsA62N51jzIVMUKn5tkCXdJCzqbSRw46SfPaV0okkjlVmChKvLgbds5FwnpmNMerLarF63NSDTVbepGbLiFaO485NNk6tjbxO9Q8lr5aIPJSt59CjLKAMgsIzOSRXmJGPNaz5dPgWYiMr7wXacVWj%2Fu%2FXKKx40JGLsv4KsWqlnAEcfYv4kDf0ToSepzdYcq7YXmy1I8ne5fCSmLB69w%2FP1yaHAkbE39Uj1OdH7MmEQImLnf2uloQ8jDf00wZNzC2N3mJt7Ks4vnJkODHJKZ70FZEX6sRZ5yCAC3diiGM2jOz6CzaO8mQ3m6VueG9LfJUwrNrptBnICMQtHtCNU7q%2FOzLwjua0ioPeOZOhOhILIvMhtS8uaCUDcdhziFhX0caIWDhMiIu%2FbSD%2B2hWZHSXiW95BiBSsrL5WwatBWGXlEZgDnWzv7BFioxWxwTWrYQcYc8E8R1QiJcQ6KgzmGi6r3hiQwjyIAZMCOyAw230N%2ByFDRxaojNslDSTBg3&checksum=27239351443365023520f4fc4d9bb2d309cb4f805e91,699901236559,699901236559,6010203500Ken,
14,piano,88 Key Digital Piano MIDI Keyoard w/ Pedal and Bag Music Instrument Home NEW,303587462962,Costway,"Musical Instruments & Gear, Pianos, Keyboards & Organs",items.n-7,7,New,"Multiple Locations, United States",175.88,https://i.ebayimg.com/images/g/xIIAAOSwN5Ve2WMh/s-l300.jpg,"'PayPal', 'Visa', 'Master Card', 'Amex', 'Discover', 'PayPal Credit'",https://www.ebay.com/itm/61-Key-Digital-Music-Piano-Keyboard-Portable-Electronic-Musical-Instrument/272393514433?epid=1692784401&_trkparms=ispr%3D1&hash=item3f6beb2dc1:g:akoAAOSwcrJd3UfJ&enc=AQAFAAACYBaobrjLl8XobRIiIML1V4Imu%2Fn%2BzU5L90Z278x5ickkY3FSd4Ad8xn3oRtkVexxrJucFFT6GoaO0xJIwIvxefcwj5BrZ7wd4%2FPVkjTOOS0bnY6PZIDuQfAgtAqRmgYK0Mwgq22ovlsliGavOqp19L2vz9NDlNcwJ56%2FB0vJwYr9AAY4woCkylzlWGpEBzbQkLmOjWTUn0VbNN3pDHi1ESDKd2NOuIk8uCuDqCcdSx3LwQvvJeygPxHh5%2FKm5paVP0i641AU2RzTSPAGI7Nk2SUGO5U66PpB0mirD%2B%2FmvAWYcgTTsrsA62N51jzIVMUKn5tkCXdJCzqbSRw46SfPaV0okkjlVmChKvLgbds5FwnpmNMerLarF63NSDTVbepGbLiFaO485NNk6tjbxO9Q8lr5aIPJSt59CjLKAMgsIzOSRXmJGPNaz5dPgWYiMr7wXacVWj%2Fu%2FXKKx40JGLsv4KsWqlnAEcfYv4kDf0ToSepzdYcq7YXmy1I8ne5fCSmLB69w%2FP1yaHAkbE39Uj1OdH7MmEQImLnf2uloQ8jDf00wZNzC2N3mJt7Ks4vnJkODHJKZ70FZEX6sRZ5yCAC3diiGM2jOz6CzaO8mQ3m6VueG9LfJUwrNrptBnICMQtHtCNU7q%2FOzLwjua0ioPeOZOhOhILIvMhtS8uaCUDcdhziFhX0caIWDhMiIu%2FbSD%2B2hWZHSXiW95BiBSsrL5WwatBWGXlEZgDnWzv7BFioxWxwTWrYQcYc8E8R1QiJcQ6KgzmGi6r3hiQwjyIAZMCOyAw230N%2ByFDRxaojNslDSTBg3&checksum=27239351443365023520f4fc4d9bb2d309cb4f805e91,,,CW-TY579535,
15,piano,"61-Key Electronic Keyoard Portale Digital Piano and Stand, Mic, USB, Stool",352698024478,Hamzer,"Musical Instruments & Gear, Pianos, Keyboards & Organs",mixwholesale,146,New,"Fort Lauderdale, FL, United States",107.99,https://i.ebayimg.com/images/g/BQIAAOSwIh5d5XtU/s-l300.jpg,"'PayPal', 'Google Pay', 'Visa', 'Master Card', 'Amex', 'Discover', 'PayPal Credit'",https://www.ebay.com/itm/61-Key-Digital-Music-Piano-Keyboard-Portable-Electronic-Musical-Instrument/272393514433?epid=1692784401&_trkparms=ispr%3D1&hash=item3f6beb2dc1:g:akoAAOSwcrJd3UfJ&enc=AQAFAAACYBaobrjLl8XobRIiIML1V4Imu%2Fn%2BzU5L90Z278x5ickkY3FSd4Ad8xn3oRtkVexxrJucFFT6GoaO0xJIwIvxefcwj5BrZ7wd4%2FPVkjTOOS0bnY6PZIDuQfAgtAqRmgYK0Mwgq22ovlsliGavOqp19L2vz9NDlNcwJ56%2FB0vJwYr9AAY4woCkylzlWGpEBzbQkLmOjWTUn0VbNN3pDHi1ESDKd2NOuIk8uCuDqCcdSx3LwQvvJeygPxHh5%2FKm5paVP0i641AU2RzTSPAGI7Nk2SUGO5U66PpB0mirD%2B%2FmvAWYcgTTsrsA62N51jzIVMUKn5tkCXdJCzqbSRw46SfPaV0okkjlVmChKvLgbds5FwnpmNMerLarF63NSDTVbepGbLiFaO485NNk6tjbxO9Q8lr5aIPJSt59CjLKAMgsIzOSRXmJGPNaz5dPgWYiMr7wXacVWj%2Fu%2FXKKx40JGLsv4KsWqlnAEcfYv4kDf0ToSepzdYcq7YXmy1I8ne5fCSmLB69w%2FP1yaHAkbE39Uj1OdH7MmEQImLnf2uloQ8jDf00wZNzC2N3mJt7Ks4vnJkODHJKZ70FZEX6sRZ5yCAC3diiGM2jOz6CzaO8mQ3m6VueG9LfJUwrNrptBnICMQtHtCNU7q%2FOzLwjua0ioPeOZOhOhILIvMhtS8uaCUDcdhziFhX0caIWDhMiIu%2FbSD%2B2hWZHSXiW95BiBSsrL5WwatBWGXlEZgDnWzv7BFioxWxwTWrYQcYc8E8R1QiJcQ6KgzmGi6r3hiQwjyIAZMCOyAw230N%2ByFDRxaojNslDSTBg3&checksum=27239351443365023520f4fc4d9bb2d309cb4f805e91,,,,
16,piano,61-Key Digital Music Piano Keyoard - Portale Electronic Musical Instrument,333578072454,Unbranded,"Musical Instruments & Gear, Pianos, Keyboards & Organs",goodscity2010,16,New,"Kenilworth, New Jersey, United States",58.81,https://i.ebayimg.com/images/g/ALYAAOSwiuVemnG4/s-l300.jpg,"'PayPal', 'Visa', 'Master Card', 'Amex', 'Discover', 'PayPal Credit'",https://www.ebay.com/itm/61-Key-Digital-Music-Piano-Keyboard-Portable-Electronic-Musical-Instrument/272393514433?epid=1692784401&_trkparms=ispr%3D1&hash=item3f6beb2dc1:g:akoAAOSwcrJd3UfJ&enc=AQAFAAACYBaobrjLl8XobRIiIML1V4Imu%2Fn%2BzU5L90Z278x5ickkY3FSd4Ad8xn3oRtkVexxrJucFFT6GoaO0xJIwIvxefcwj5BrZ7wd4%2FPVkjTOOS0bnY6PZIDuQfAgtAqRmgYK0Mwgq22ovlsliGavOqp19L2vz9NDlNcwJ56%2FB0vJwYr9AAY4woCkylzlWGpEBzbQkLmOjWTUn0VbNN3pDHi1ESDKd2NOuIk8uCuDqCcdSx3LwQvvJeygPxHh5%2FKm5paVP0i641AU2RzTSPAGI7Nk2SUGO5U66PpB0mirD%2B%2FmvAWYcgTTsrsA62N51jzIVMUKn5tkCXdJCzqbSRw46SfPaV0okkjlVmChKvLgbds5FwnpmNMerLarF63NSDTVbepGbLiFaO485NNk6tjbxO9Q8lr5aIPJSt59CjLKAMgsIzOSRXmJGPNaz5dPgWYiMr7wXacVWj%2Fu%2FXKKx40JGLsv4KsWqlnAEcfYv4kDf0ToSepzdYcq7YXmy1I8ne5fCSmLB69w%2FP1yaHAkbE39Uj1OdH7MmEQImLnf2uloQ8jDf00wZNzC2N3mJt7Ks4vnJkODHJKZ70FZEX6sRZ5yCAC3diiGM2jOz6CzaO8mQ3m6VueG9LfJUwrNrptBnICMQtHtCNU7q%2FOzLwjua0ioPeOZOhOhILIvMhtS8uaCUDcdhziFhX0caIWDhMiIu%2FbSD%2B2hWZHSXiW95BiBSsrL5WwatBWGXlEZgDnWzv7BFioxWxwTWrYQcYc8E8R1QiJcQ6KgzmGi6r3hiQwjyIAZMCOyAw230N%2ByFDRxaojNslDSTBg3&checksum=27239351443365023520f4fc4d9bb2d309cb4f805e91,,,,
17,piano,61 Key Music Digital Electronic Keyoard Electric Piano Organ with Mic & Stand,362963510897,Unbranded,"Musical Instruments & Gear, Pianos, Keyboards & Organs, Electronic Keyboards",enewstore2011,44,New,"Kenilworth, New Jersey, United States",58.83,https://i.ebayimg.com/images/g/-H8AAOSweh5e4liE/s-l300.jpg,"'PayPal', 'Visa', 'Master Card', 'Amex', 'Discover', 'PayPal Credit'",https://www.ebay.com/itm/61-Key-Digital-Music-Piano-Keyboard-Portable-Electronic-Musical-Instrument/272393514433?epid=1692784401&_trkparms=ispr%3D1&hash=item3f6beb2dc1:g:akoAAOSwcrJd3UfJ&enc=AQAFAAACYBaobrjLl8XobRIiIML1V4Imu%2Fn%2BzU5L90Z278x5ickkY3FSd4Ad8xn3oRtkVexxrJucFFT6GoaO0xJIwIvxefcwj5BrZ7wd4%2FPVkjTOOS0bnY6PZIDuQfAgtAqRmgYK0Mwgq22ovlsliGavOqp19L2vz9NDlNcwJ56%2FB0vJwYr9AAY4woCkylzlWGpEBzbQkLmOjWTUn0VbNN3pDHi1ESDKd2NOuIk8uCuDqCcdSx3LwQvvJeygPxHh5%2FKm5paVP0i641AU2RzTSPAGI7Nk2SUGO5U66PpB0mirD%2B%2FmvAWYcgTTsrsA62N51jzIVMUKn5tkCXdJCzqbSRw46SfPaV0okkjlVmChKvLgbds5FwnpmNMerLarF63NSDTVbepGbLiFaO485NNk6tjbxO9Q8lr5aIPJSt59CjLKAMgsIzOSRXmJGPNaz5dPgWYiMr7wXacVWj%2Fu%2FXKKx40JGLsv4KsWqlnAEcfYv4kDf0ToSepzdYcq7YXmy1I8ne5fCSmLB69w%2FP1yaHAkbE39Uj1OdH7MmEQImLnf2uloQ8jDf00wZNzC2N3mJt7Ks4vnJkODHJKZ70FZEX6sRZ5yCAC3diiGM2jOz6CzaO8mQ3m6VueG9LfJUwrNrptBnICMQtHtCNU7q%2FOzLwjua0ioPeOZOhOhILIvMhtS8uaCUDcdhziFhX0caIWDhMiIu%2FbSD%2B2hWZHSXiW95BiBSsrL5WwatBWGXlEZgDnWzv7BFioxWxwTWrYQcYc8E8R1QiJcQ6KgzmGi6r3hiQwjyIAZMCOyAw230N%2ByFDRxaojNslDSTBg3&checksum=27239351443365023520f4fc4d9bb2d309cb4f805e91,,,,
18,piano,61 Key Music Digital Electronic Keyoard Electric Piano Organ Beginner + Stand,392809732012,Unbranded,"Musical Instruments & Gear, Pianos, Keyboards & Organs",goodscity2010,16,New,"Kenilworth, New Jersey, United States",58.81,https://i.ebayimg.com/images/g/LtkAAOSwRsJemnTV/s-l300.jpg,"'PayPal', 'Visa', 'Master Card', 'Amex', 'Discover', 'PayPal Credit'",https://www.ebay.com/itm/61-Key-Digital-Music-Piano-Keyboard-Portable-Electronic-Musical-Instrument/272393514433?epid=1692784401&_trkparms=ispr%3D1&hash=item3f6beb2dc1:g:akoAAOSwcrJd3UfJ&enc=AQAFAAACYBaobrjLl8XobRIiIML1V4Imu%2Fn%2BzU5L90Z278x5ickkY3FSd4Ad8xn3oRtkVexxrJucFFT6GoaO0xJIwIvxefcwj5BrZ7wd4%2FPVkjTOOS0bnY6PZIDuQfAgtAqRmgYK0Mwgq22ovlsliGavOqp19L2vz9NDlNcwJ56%2FB0vJwYr9AAY4woCkylzlWGpEBzbQkLmOjWTUn0VbNN3pDHi1ESDKd2NOuIk8uCuDqCcdSx3LwQvvJeygPxHh5%2FKm5paVP0i641AU2RzTSPAGI7Nk2SUGO5U66PpB0mirD%2B%2FmvAWYcgTTsrsA62N51jzIVMUKn5tkCXdJCzqbSRw46SfPaV0okkjlVmChKvLgbds5FwnpmNMerLarF63NSDTVbepGbLiFaO485NNk6tjbxO9Q8lr5aIPJSt59CjLKAMgsIzOSRXmJGPNaz5dPgWYiMr7wXacVWj%2Fu%2FXKKx40JGLsv4KsWqlnAEcfYv4kDf0ToSepzdYcq7YXmy1I8ne5fCSmLB69w%2FP1yaHAkbE39Uj1OdH7MmEQImLnf2uloQ8jDf00wZNzC2N3mJt7Ks4vnJkODHJKZ70FZEX6sRZ5yCAC3diiGM2jOz6CzaO8mQ3m6VueG9LfJUwrNrptBnICMQtHtCNU7q%2FOzLwjua0ioPeOZOhOhILIvMhtS8uaCUDcdhziFhX0caIWDhMiIu%2FbSD%2B2hWZHSXiW95BiBSsrL5WwatBWGXlEZgDnWzv7BFioxWxwTWrYQcYc8E8R1QiJcQ6KgzmGi6r3hiQwjyIAZMCOyAw230N%2ByFDRxaojNslDSTBg3&checksum=27239351443365023520f4fc4d9bb2d309cb4f805e91,,,,
19,piano,OPEN BOX - 61-Key Digital Music Piano Keyoard - Portale Electronic Instrument,203042471165,Hamzer,"Musical Instruments & Gear, Pianos, Keyboards & Organs",nexuswholesale,,Used,"Fort Lauderdale, FL, United States",88.00,https://i.ebayimg.com/images/g/lv4AAOSwGIlfBQdc/s-l300.jpg,"'PayPal', 'Google Pay', 'Visa', 'Master Card', 'Amex', 'Discover', 'PayPal Credit'",https://www.ebay.com/itm/61-Key-Digital-Music-Piano-Keyboard-Portable-Electronic-Musical-Instrument/272393514433?epid=1692784401&_trkparms=ispr%3D1&hash=item3f6beb2dc1:g:akoAAOSwcrJd3UfJ&enc=AQAFAAACYBaobrjLl8XobRIiIML1V4Imu%2Fn%2BzU5L90Z278x5ickkY3FSd4Ad8xn3oRtkVexxrJucFFT6GoaO0xJIwIvxefcwj5BrZ7wd4%2FPVkjTOOS0bnY6PZIDuQfAgtAqRmgYK0Mwgq22ovlsliGavOqp19L2vz9NDlNcwJ56%2FB0vJwYr9AAY4woCkylzlWGpEBzbQkLmOjWTUn0VbNN3pDHi1ESDKd2NOuIk8uCuDqCcdSx3LwQvvJeygPxHh5%2FKm5paVP0i641AU2RzTSPAGI7Nk2SUGO5U66PpB0mirD%2B%2FmvAWYcgTTsrsA62N51jzIVMUKn5tkCXdJCzqbSRw46SfPaV0okkjlVmChKvLgbds5FwnpmNMerLarF63NSDTVbepGbLiFaO485NNk6tjbxO9Q8lr5aIPJSt59CjLKAMgsIzOSRXmJGPNaz5dPgWYiMr7wXacVWj%2Fu%2FXKKx40JGLsv4KsWqlnAEcfYv4kDf0ToSepzdYcq7YXmy1I8ne5fCSmLB69w%2FP1yaHAkbE39Uj1OdH7MmEQImLnf2uloQ8jDf00wZNzC2N3mJt7Ks4vnJkODHJKZ70FZEX6sRZ5yCAC3diiGM2jOz6CzaO8mQ3m6VueG9LfJUwrNrptBnICMQtHtCNU7q%2FOzLwjua0ioPeOZOhOhILIvMhtS8uaCUDcdhziFhX0caIWDhMiIu%2FbSD%2B2hWZHSXiW95BiBSsrL5WwatBWGXlEZgDnWzv7BFioxWxwTWrYQcYc8E8R1QiJcQ6KgzmGi6r3hiQwjyIAZMCOyAw230N%2ByFDRxaojNslDSTBg3&checksum=27239351443365023520f4fc4d9bb2d309cb4f805e91,,,,
20,piano,Full Size 61 Keys Light Up Electronic Keyoard Digital Music Piano Microphone US,274419480049,Unbranded,"Musical Instruments & Gear, Pianos, Keyboards & Organs, Electronic Keyboards, Toys & Hobbies, Educational, Music & Art",flygoodly,2,New,"Humle, Texas, United States",39.58,https://i.ebayimg.com/images/g/jCYAAOSwOgxfAqEk/s-l300.jpg,"'PayPal', 'Visa', 'Master Card', 'Amex', 'Discover', 'PayPal Credit'",https://www.ebay.com/itm/61-Key-Digital-Music-Piano-Keyboard-Portable-Electronic-Musical-Instrument/272393514433?epid=1692784401&_trkparms=ispr%3D1&hash=item3f6beb2dc1:g:akoAAOSwcrJd3UfJ&enc=AQAFAAACYBaobrjLl8XobRIiIML1V4Imu%2Fn%2BzU5L90Z278x5ickkY3FSd4Ad8xn3oRtkVexxrJucFFT6GoaO0xJIwIvxefcwj5BrZ7wd4%2FPVkjTOOS0bnY6PZIDuQfAgtAqRmgYK0Mwgq22ovlsliGavOqp19L2vz9NDlNcwJ56%2FB0vJwYr9AAY4woCkylzlWGpEBzbQkLmOjWTUn0VbNN3pDHi1ESDKd2NOuIk8uCuDqCcdSx3LwQvvJeygPxHh5%2FKm5paVP0i641AU2RzTSPAGI7Nk2SUGO5U66PpB0mirD%2B%2FmvAWYcgTTsrsA62N51jzIVMUKn5tkCXdJCzqbSRw46SfPaV0okkjlVmChKvLgbds5FwnpmNMerLarF63NSDTVbepGbLiFaO485NNk6tjbxO9Q8lr5aIPJSt59CjLKAMgsIzOSRXmJGPNaz5dPgWYiMr7wXacVWj%2Fu%2FXKKx40JGLsv4KsWqlnAEcfYv4kDf0ToSepzdYcq7YXmy1I8ne5fCSmLB69w%2FP1yaHAkbE39Uj1OdH7MmEQImLnf2uloQ8jDf00wZNzC2N3mJt7Ks4vnJkODHJKZ70FZEX6sRZ5yCAC3diiGM2jOz6CzaO8mQ3m6VueG9LfJUwrNrptBnICMQtHtCNU7q%2FOzLwjua0ioPeOZOhOhILIvMhtS8uaCUDcdhziFhX0caIWDhMiIu%2FbSD%2B2hWZHSXiW95BiBSsrL5WwatBWGXlEZgDnWzv7BFioxWxwTWrYQcYc8E8R1QiJcQ6KgzmGi6r3hiQwjyIAZMCOyAw230N%2ByFDRxaojNslDSTBg3&checksum=27239351443365023520f4fc4d9bb2d309cb4f805e91,885085720377,885085720377,,
21,piano,61 Key Electric Keyoard Digital Piano Instrument Kids Talent Practise Xmas Gift,392506002752,Yescom,"Musical Instruments & Gear, Pianos, Keyboards & Organs",yescomusa,64,New,"La Puente, California, United States",34.90,https://i.ebayimg.com/images/g/dlEAAOSwSRtduAwu/s-l300.jpg,"'PayPal', 'Google Pay', 'Visa', 'Master Card', 'Amex', 'Discover', 'PayPal Credit'",https://www.ebay.com/itm/61-Key-Digital-Music-Piano-Keyboard-Portable-Electronic-Musical-Instrument/272393514433?epid=1692784401&_trkparms=ispr%3D1&hash=item3f6beb2dc1:g:akoAAOSwcrJd3UfJ&enc=AQAFAAACYBaobrjLl8XobRIiIML1V4Imu%2Fn%2BzU5L90Z278x5ickkY3FSd4Ad8xn3oRtkVexxrJucFFT6GoaO0xJIwIvxefcwj5BrZ7wd4%2FPVkjTOOS0bnY6PZIDuQfAgtAqRmgYK0Mwgq22ovlsliGavOqp19L2vz9NDlNcwJ56%2FB0vJwYr9AAY4woCkylzlWGpEBzbQkLmOjWTUn0VbNN3pDHi1ESDKd2NOuIk8uCuDqCcdSx3LwQvvJeygPxHh5%2FKm5paVP0i641AU2RzTSPAGI7Nk2SUGO5U66PpB0mirD%2B%2FmvAWYcgTTsrsA62N51jzIVMUKn5tkCXdJCzqbSRw46SfPaV0okkjlVmChKvLgbds5FwnpmNMerLarF63NSDTVbepGbLiFaO485NNk6tjbxO9Q8lr5aIPJSt59CjLKAMgsIzOSRXmJGPNaz5dPgWYiMr7wXacVWj%2Fu%2FXKKx40JGLsv4KsWqlnAEcfYv4kDf0ToSepzdYcq7YXmy1I8ne5fCSmLB69w%2FP1yaHAkbE39Uj1OdH7MmEQImLnf2uloQ8jDf00wZNzC2N3mJt7Ks4vnJkODHJKZ70FZEX6sRZ5yCAC3diiGM2jOz6CzaO8mQ3m6VueG9LfJUwrNrptBnICMQtHtCNU7q%2FOzLwjua0ioPeOZOhOhILIvMhtS8uaCUDcdhziFhX0caIWDhMiIu%2FbSD%2B2hWZHSXiW95BiBSsrL5WwatBWGXlEZgDnWzv7BFioxWxwTWrYQcYc8E8R1QiJcQ6KgzmGi6r3hiQwjyIAZMCOyAw230N%2ByFDRxaojNslDSTBg3&checksum=27239351443365023520f4fc4d9bb2d309cb4f805e91,,,,
22,piano,Yamaha P-125 Digital Piano - Black BONUS PAK,233485766748,Yamaha,"Musical Instruments & Gear, Pianos, Keyboards & Organs, Pianos, Digital Pianos",kraftmusic,59,New,"Franklin, Wisconsin, United States",649.99,https://i.ebayimg.com/images/g/~NsAAOSw~HBehksa/s-l300.jpg,"'PayPal', 'Google Pay', 'Visa', 'Master Card', 'Amex', 'Discover', 'PayPal Credit'",https://www.ebay.com/itm/61-Key-Digital-Music-Piano-Keyboard-Portable-Electronic-Musical-Instrument/272393514433?epid=1692784401&_trkparms=ispr%3D1&hash=item3f6beb2dc1:g:akoAAOSwcrJd3UfJ&enc=AQAFAAACYBaobrjLl8XobRIiIML1V4Imu%2Fn%2BzU5L90Z278x5ickkY3FSd4Ad8xn3oRtkVexxrJucFFT6GoaO0xJIwIvxefcwj5BrZ7wd4%2FPVkjTOOS0bnY6PZIDuQfAgtAqRmgYK0Mwgq22ovlsliGavOqp19L2vz9NDlNcwJ56%2FB0vJwYr9AAY4woCkylzlWGpEBzbQkLmOjWTUn0VbNN3pDHi1ESDKd2NOuIk8uCuDqCcdSx3LwQvvJeygPxHh5%2FKm5paVP0i641AU2RzTSPAGI7Nk2SUGO5U66PpB0mirD%2B%2FmvAWYcgTTsrsA62N51jzIVMUKn5tkCXdJCzqbSRw46SfPaV0okkjlVmChKvLgbds5FwnpmNMerLarF63NSDTVbepGbLiFaO485NNk6tjbxO9Q8lr5aIPJSt59CjLKAMgsIzOSRXmJGPNaz5dPgWYiMr7wXacVWj%2Fu%2FXKKx40JGLsv4KsWqlnAEcfYv4kDf0ToSepzdYcq7YXmy1I8ne5fCSmLB69w%2FP1yaHAkbE39Uj1OdH7MmEQImLnf2uloQ8jDf00wZNzC2N3mJt7Ks4vnJkODHJKZ70FZEX6sRZ5yCAC3diiGM2jOz6CzaO8mQ3m6VueG9LfJUwrNrptBnICMQtHtCNU7q%2FOzLwjua0ioPeOZOhOhILIvMhtS8uaCUDcdhziFhX0caIWDhMiIu%2FbSD%2B2hWZHSXiW95BiBSsrL5WwatBWGXlEZgDnWzv7BFioxWxwTWrYQcYc8E8R1QiJcQ6KgzmGi6r3hiQwjyIAZMCOyAw230N%2ByFDRxaojNslDSTBg3&checksum=27239351443365023520f4fc4d9bb2d309cb4f805e91,,0889025115384,P125B,
23,piano,88 Key LCD Digital Electric Piano Keyoard w/Stand+Adapter+3 Pedal Board White,192569190542,Uenjoy,"Musical Instruments & Gear, Pianos, Keyboards & Organs, Pianos, Digital Pianos, Musical Instruments & Gear, Pianos, Keyboards & Organs",uenjoy.i,38,New,"New Jersey, United States",389.99,https://i.ebayimg.com/images/g/KnMAAOSwgbRdR6UT/s-l300.jpg,"'PayPal', 'Visa', 'Master Card', 'Amex', 'Discover', 'PayPal Credit'",https://www.ebay.com/itm/61-Key-Digital-Music-Piano-Keyboard-Portable-Electronic-Musical-Instrument/272393514433?epid=1692784401&_trkparms=ispr%3D1&hash=item3f6beb2dc1:g:akoAAOSwcrJd3UfJ&enc=AQAFAAACYBaobrjLl8XobRIiIML1V4Imu%2Fn%2BzU5L90Z278x5ickkY3FSd4Ad8xn3oRtkVexxrJucFFT6GoaO0xJIwIvxefcwj5BrZ7wd4%2FPVkjTOOS0bnY6PZIDuQfAgtAqRmgYK0Mwgq22ovlsliGavOqp19L2vz9NDlNcwJ56%2FB0vJwYr9AAY4woCkylzlWGpEBzbQkLmOjWTUn0VbNN3pDHi1ESDKd2NOuIk8uCuDqCcdSx3LwQvvJeygPxHh5%2FKm5paVP0i641AU2RzTSPAGI7Nk2SUGO5U66PpB0mirD%2B%2FmvAWYcgTTsrsA62N51jzIVMUKn5tkCXdJCzqbSRw46SfPaV0okkjlVmChKvLgbds5FwnpmNMerLarF63NSDTVbepGbLiFaO485NNk6tjbxO9Q8lr5aIPJSt59CjLKAMgsIzOSRXmJGPNaz5dPgWYiMr7wXacVWj%2Fu%2FXKKx40JGLsv4KsWqlnAEcfYv4kDf0ToSepzdYcq7YXmy1I8ne5fCSmLB69w%2FP1yaHAkbE39Uj1OdH7MmEQImLnf2uloQ8jDf00wZNzC2N3mJt7Ks4vnJkODHJKZ70FZEX6sRZ5yCAC3diiGM2jOz6CzaO8mQ3m6VueG9LfJUwrNrptBnICMQtHtCNU7q%2FOzLwjua0ioPeOZOhOhILIvMhtS8uaCUDcdhziFhX0caIWDhMiIu%2FbSD%2B2hWZHSXiW95BiBSsrL5WwatBWGXlEZgDnWzv7BFioxWxwTWrYQcYc8E8R1QiJcQ6KgzmGi6r3hiQwjyIAZMCOyAw230N%2ByFDRxaojNslDSTBg3&checksum=27239351443365023520f4fc4d9bb2d309cb4f805e91,699951031630,699951031630,6010200700BI,
24,piano,Yamaha PSR 353 in excellent condition piano,233638739128,Yamaha,"Musical Instruments & Gear, Pianos, Keyboards & Organs",off!deepwoods,,Used,"Columia, Missouri, United States",96.00,https://i.ebayimg.com/images/g/A6IAAOSw5VVe9mKl/s-l300.jpg,"'PayPal', 'Visa', 'Master Card', 'Amex', 'Discover', 'PayPal Credit'",https://www.ebay.com/itm/61-Key-Digital-Music-Piano-Keyboard-Portable-Electronic-Musical-Instrument/272393514433?epid=1692784401&_trkparms=ispr%3D1&hash=item3f6beb2dc1:g:akoAAOSwcrJd3UfJ&enc=AQAFAAACYBaobrjLl8XobRIiIML1V4Imu%2Fn%2BzU5L90Z278x5ickkY3FSd4Ad8xn3oRtkVexxrJucFFT6GoaO0xJIwIvxefcwj5BrZ7wd4%2FPVkjTOOS0bnY6PZIDuQfAgtAqRmgYK0Mwgq22ovlsliGavOqp19L2vz9NDlNcwJ56%2FB0vJwYr9AAY4woCkylzlWGpEBzbQkLmOjWTUn0VbNN3pDHi1ESDKd2NOuIk8uCuDqCcdSx3LwQvvJeygPxHh5%2FKm5paVP0i641AU2RzTSPAGI7Nk2SUGO5U66PpB0mirD%2B%2FmvAWYcgTTsrsA62N51jzIVMUKn5tkCXdJCzqbSRw46SfPaV0okkjlVmChKvLgbds5FwnpmNMerLarF63NSDTVbepGbLiFaO485NNk6tjbxO9Q8lr5aIPJSt59CjLKAMgsIzOSRXmJGPNaz5dPgWYiMr7wXacVWj%2Fu%2FXKKx40JGLsv4KsWqlnAEcfYv4kDf0ToSepzdYcq7YXmy1I8ne5fCSmLB69w%2FP1yaHAkbE39Uj1OdH7MmEQImLnf2uloQ8jDf00wZNzC2N3mJt7Ks4vnJkODHJKZ70FZEX6sRZ5yCAC3diiGM2jOz6CzaO8mQ3m6VueG9LfJUwrNrptBnICMQtHtCNU7q%2FOzLwjua0ioPeOZOhOhILIvMhtS8uaCUDcdhziFhX0caIWDhMiIu%2FbSD%2B2hWZHSXiW95BiBSsrL5WwatBWGXlEZgDnWzv7BFioxWxwTWrYQcYc8E8R1QiJcQ6KgzmGi6r3hiQwjyIAZMCOyAw230N%2ByFDRxaojNslDSTBg3&checksum=27239351443365023520f4fc4d9bb2d309cb4f805e91,,,,
25,piano,"61-Key Electronic Keyoard Portale Digital Music Piano with USB, Mic, & Headset",312888851814,Unbranded,"Musical Instruments & Gear, Pianos, Keyboards & Organs, Electronic Keyboards, Toys & Hobbies, Educational",sale2015express,33,New,"Kenilworth, New Jersey, United States",58.97,https://i.ebayimg.com/images/g/HtsAAOSwd9hd8~12/s-l300.jpg,"'PayPal', 'Visa', 'Master Card', 'Amex', 'Discover', 'PayPal Credit'",https://www.ebay.com/itm/61-Key-Digital-Music-Piano-Keyboard-Portable-Electronic-Musical-Instrument/272393514433?epid=1692784401&_trkparms=ispr%3D1&hash=item3f6beb2dc1:g:akoAAOSwcrJd3UfJ&enc=AQAFAAACYBaobrjLl8XobRIiIML1V4Imu%2Fn%2BzU5L90Z278x5ickkY3FSd4Ad8xn3oRtkVexxrJucFFT6GoaO0xJIwIvxefcwj5BrZ7wd4%2FPVkjTOOS0bnY6PZIDuQfAgtAqRmgYK0Mwgq22ovlsliGavOqp19L2vz9NDlNcwJ56%2FB0vJwYr9AAY4woCkylzlWGpEBzbQkLmOjWTUn0VbNN3pDHi1ESDKd2NOuIk8uCuDqCcdSx3LwQvvJeygPxHh5%2FKm5paVP0i641AU2RzTSPAGI7Nk2SUGO5U66PpB0mirD%2B%2FmvAWYcgTTsrsA62N51jzIVMUKn5tkCXdJCzqbSRw46SfPaV0okkjlVmChKvLgbds5FwnpmNMerLarF63NSDTVbepGbLiFaO485NNk6tjbxO9Q8lr5aIPJSt59CjLKAMgsIzOSRXmJGPNaz5dPgWYiMr7wXacVWj%2Fu%2FXKKx40JGLsv4KsWqlnAEcfYv4kDf0ToSepzdYcq7YXmy1I8ne5fCSmLB69w%2FP1yaHAkbE39Uj1OdH7MmEQImLnf2uloQ8jDf00wZNzC2N3mJt7Ks4vnJkODHJKZ70FZEX6sRZ5yCAC3diiGM2jOz6CzaO8mQ3m6VueG9LfJUwrNrptBnICMQtHtCNU7q%2FOzLwjua0ioPeOZOhOhILIvMhtS8uaCUDcdhziFhX0caIWDhMiIu%2FbSD%2B2hWZHSXiW95BiBSsrL5WwatBWGXlEZgDnWzv7BFioxWxwTWrYQcYc8E8R1QiJcQ6KgzmGi6r3hiQwjyIAZMCOyAw230N%2ByFDRxaojNslDSTBg3&checksum=27239351443365023520f4fc4d9bb2d309cb4f805e91,,,,
26,piano,Full Size 61 Key Music Digital Electronic Piano Keyoard with Microphone & Stand,274316260436,Unbranded,"Musical Instruments & Gear, Pianos, Keyboards & Organs",muchuy-outlet,17,New,"Kenilworth, New Jersey, United States",58.95,https://i.ebayimg.com/images/g/s~EAAOSwAeBeU6UA/s-l300.jpg,"'PayPal', 'Visa', 'Master Card', 'Amex', 'Discover', 'PayPal Credit'",https://www.ebay.com/itm/61-Key-Digital-Music-Piano-Keyboard-Portable-Electronic-Musical-Instrument/272393514433?epid=1692784401&_trkparms=ispr%3D1&hash=item3f6beb2dc1:g:akoAAOSwcrJd3UfJ&enc=AQAFAAACYBaobrjLl8XobRIiIML1V4Imu%2Fn%2BzU5L90Z278x5ickkY3FSd4Ad8xn3oRtkVexxrJucFFT6GoaO0xJIwIvxefcwj5BrZ7wd4%2FPVkjTOOS0bnY6PZIDuQfAgtAqRmgYK0Mwgq22ovlsliGavOqp19L2vz9NDlNcwJ56%2FB0vJwYr9AAY4woCkylzlWGpEBzbQkLmOjWTUn0VbNN3pDHi1ESDKd2NOuIk8uCuDqCcdSx3LwQvvJeygPxHh5%2FKm5paVP0i641AU2RzTSPAGI7Nk2SUGO5U66PpB0mirD%2B%2FmvAWYcgTTsrsA62N51jzIVMUKn5tkCXdJCzqbSRw46SfPaV0okkjlVmChKvLgbds5FwnpmNMerLarF63NSDTVbepGbLiFaO485NNk6tjbxO9Q8lr5aIPJSt59CjLKAMgsIzOSRXmJGPNaz5dPgWYiMr7wXacVWj%2Fu%2FXKKx40JGLsv4KsWqlnAEcfYv4kDf0ToSepzdYcq7YXmy1I8ne5fCSmLB69w%2FP1yaHAkbE39Uj1OdH7MmEQImLnf2uloQ8jDf00wZNzC2N3mJt7Ks4vnJkODHJKZ70FZEX6sRZ5yCAC3diiGM2jOz6CzaO8mQ3m6VueG9LfJUwrNrptBnICMQtHtCNU7q%2FOzLwjua0ioPeOZOhOhILIvMhtS8uaCUDcdhziFhX0caIWDhMiIu%2FbSD%2B2hWZHSXiW95BiBSsrL5WwatBWGXlEZgDnWzv7BFioxWxwTWrYQcYc8E8R1QiJcQ6KgzmGi6r3hiQwjyIAZMCOyAw230N%2ByFDRxaojNslDSTBg3&checksum=27239351443365023520f4fc4d9bb2d309cb4f805e91,,,,
27,piano,61 Key Music Electronic Keyoard Electric Digital Piano Organ with Microphone,402261238516,Unbranded,"Musical Instruments & Gear, Pianos, Keyboards & Organs",ilipalapolar,32,New,"Monroe Township, New Jersey, United States",29.99,https://i.ebayimg.com/images/g/aDkAAOSwC-5eSuVH/s-l300.jpg,"'PayPal', 'Visa', 'Master Card', 'Amex', 'Discover', 'PayPal Credit'",https://www.ebay.com/itm/61-Key-Digital-Music-Piano-Keyboard-Portable-Electronic-Musical-Instrument/272393514433?epid=1692784401&_trkparms=ispr%3D1&hash=item3f6beb2dc1:g:akoAAOSwcrJd3UfJ&enc=AQAFAAACYBaobrjLl8XobRIiIML1V4Imu%2Fn%2BzU5L90Z278x5ickkY3FSd4Ad8xn3oRtkVexxrJucFFT6GoaO0xJIwIvxefcwj5BrZ7wd4%2FPVkjTOOS0bnY6PZIDuQfAgtAqRmgYK0Mwgq22ovlsliGavOqp19L2vz9NDlNcwJ56%2FB0vJwYr9AAY4woCkylzlWGpEBzbQkLmOjWTUn0VbNN3pDHi1ESDKd2NOuIk8uCuDqCcdSx3LwQvvJeygPxHh5%2FKm5paVP0i641AU2RzTSPAGI7Nk2SUGO5U66PpB0mirD%2B%2FmvAWYcgTTsrsA62N51jzIVMUKn5tkCXdJCzqbSRw46SfPaV0okkjlVmChKvLgbds5FwnpmNMerLarF63NSDTVbepGbLiFaO485NNk6tjbxO9Q8lr5aIPJSt59CjLKAMgsIzOSRXmJGPNaz5dPgWYiMr7wXacVWj%2Fu%2FXKKx40JGLsv4KsWqlnAEcfYv4kDf0ToSepzdYcq7YXmy1I8ne5fCSmLB69w%2FP1yaHAkbE39Uj1OdH7MmEQImLnf2uloQ8jDf00wZNzC2N3mJt7Ks4vnJkODHJKZ70FZEX6sRZ5yCAC3diiGM2jOz6CzaO8mQ3m6VueG9LfJUwrNrptBnICMQtHtCNU7q%2FOzLwjua0ioPeOZOhOhILIvMhtS8uaCUDcdhziFhX0caIWDhMiIu%2FbSD%2B2hWZHSXiW95BiBSsrL5WwatBWGXlEZgDnWzv7BFioxWxwTWrYQcYc8E8R1QiJcQ6KgzmGi6r3hiQwjyIAZMCOyAw230N%2ByFDRxaojNslDSTBg3&checksum=27239351443365023520f4fc4d9bb2d309cb4f805e91,764424674024,764424674024,,
28,piano,Digital Piano Music Keyoard - Portale Electronic Instrument with Mic - 61 Key,273174854634,Generic,"Musical Instruments & Gear, Pianos, Keyboards & Organs",professionalemporium,445,New,"Fort Lauderdale, FL, United States",71.99,https://i.ebayimg.com/images/g/cGwAAOSwDP1b2vqS/s-l300.jpg,"'PayPal', 'Google Pay', 'Visa', 'Master Card', 'Amex', 'Discover', 'PayPal Credit'",https://www.ebay.com/itm/61-Key-Digital-Music-Piano-Keyboard-Portable-Electronic-Musical-Instrument/272393514433?epid=1692784401&_trkparms=ispr%3D1&hash=item3f6beb2dc1:g:akoAAOSwcrJd3UfJ&enc=AQAFAAACYBaobrjLl8XobRIiIML1V4Imu%2Fn%2BzU5L90Z278x5ickkY3FSd4Ad8xn3oRtkVexxrJucFFT6GoaO0xJIwIvxefcwj5BrZ7wd4%2FPVkjTOOS0bnY6PZIDuQfAgtAqRmgYK0Mwgq22ovlsliGavOqp19L2vz9NDlNcwJ56%2FB0vJwYr9AAY4woCkylzlWGpEBzbQkLmOjWTUn0VbNN3pDHi1ESDKd2NOuIk8uCuDqCcdSx3LwQvvJeygPxHh5%2FKm5paVP0i641AU2RzTSPAGI7Nk2SUGO5U66PpB0mirD%2B%2FmvAWYcgTTsrsA62N51jzIVMUKn5tkCXdJCzqbSRw46SfPaV0okkjlVmChKvLgbds5FwnpmNMerLarF63NSDTVbepGbLiFaO485NNk6tjbxO9Q8lr5aIPJSt59CjLKAMgsIzOSRXmJGPNaz5dPgWYiMr7wXacVWj%2Fu%2FXKKx40JGLsv4KsWqlnAEcfYv4kDf0ToSepzdYcq7YXmy1I8ne5fCSmLB69w%2FP1yaHAkbE39Uj1OdH7MmEQImLnf2uloQ8jDf00wZNzC2N3mJt7Ks4vnJkODHJKZ70FZEX6sRZ5yCAC3diiGM2jOz6CzaO8mQ3m6VueG9LfJUwrNrptBnICMQtHtCNU7q%2FOzLwjua0ioPeOZOhOhILIvMhtS8uaCUDcdhziFhX0caIWDhMiIu%2FbSD%2B2hWZHSXiW95BiBSsrL5WwatBWGXlEZgDnWzv7BFioxWxwTWrYQcYc8E8R1QiJcQ6KgzmGi6r3hiQwjyIAZMCOyAw230N%2ByFDRxaojNslDSTBg3&checksum=27239351443365023520f4fc4d9bb2d309cb4f805e91,842364114418,842364114418,,
29,piano,61-Key Digital Music Piano Keyoard - Portale Electronic Musical Instrument,272808131171,Hamzer,"Musical Instruments & Gear, Pianos, Keyboards & Organs, Electronic Keyboards",leadingliving,"2,293",New,"Fort Lauderdale, FL, United States",128.99,https://i.ebayimg.com/images/g/zlwAAOSwf2Zd3Uka/s-l300.jpg,"'PayPal', 'Google Pay', 'Visa', 'Master Card', 'Amex', 'Discover', 'PayPal Credit'",https://www.ebay.com/itm/61-Key-Digital-Music-Piano-Keyboard-Portable-Electronic-Musical-Instrument/272393514433?epid=1692784401&_trkparms=ispr%3D1&hash=item3f6beb2dc1:g:akoAAOSwcrJd3UfJ&enc=AQAFAAACYBaobrjLl8XobRIiIML1V4Imu%2Fn%2BzU5L90Z278x5ickkY3FSd4Ad8xn3oRtkVexxrJucFFT6GoaO0xJIwIvxefcwj5BrZ7wd4%2FPVkjTOOS0bnY6PZIDuQfAgtAqRmgYK0Mwgq22ovlsliGavOqp19L2vz9NDlNcwJ56%2FB0vJwYr9AAY4woCkylzlWGpEBzbQkLmOjWTUn0VbNN3pDHi1ESDKd2NOuIk8uCuDqCcdSx3LwQvvJeygPxHh5%2FKm5paVP0i641AU2RzTSPAGI7Nk2SUGO5U66PpB0mirD%2B%2FmvAWYcgTTsrsA62N51jzIVMUKn5tkCXdJCzqbSRw46SfPaV0okkjlVmChKvLgbds5FwnpmNMerLarF63NSDTVbepGbLiFaO485NNk6tjbxO9Q8lr5aIPJSt59CjLKAMgsIzOSRXmJGPNaz5dPgWYiMr7wXacVWj%2Fu%2FXKKx40JGLsv4KsWqlnAEcfYv4kDf0ToSepzdYcq7YXmy1I8ne5fCSmLB69w%2FP1yaHAkbE39Uj1OdH7MmEQImLnf2uloQ8jDf00wZNzC2N3mJt7Ks4vnJkODHJKZ70FZEX6sRZ5yCAC3diiGM2jOz6CzaO8mQ3m6VueG9LfJUwrNrptBnICMQtHtCNU7q%2FOzLwjua0ioPeOZOhOhILIvMhtS8uaCUDcdhziFhX0caIWDhMiIu%2FbSD%2B2hWZHSXiW95BiBSsrL5WwatBWGXlEZgDnWzv7BFioxWxwTWrYQcYc8E8R1QiJcQ6KgzmGi6r3hiQwjyIAZMCOyAw230N%2ByFDRxaojNslDSTBg3&checksum=27239351443365023520f4fc4d9bb2d309cb4f805e91,842364101760,842364101760,,
30,piano,61 Key Digital Music Electronic Keyoard Kids Electric Piano Organ w/ Microphone,402317255718,Unbranded,"Musical Instruments & Gear, Pianos, Keyboards & Organs",flygoodly,3,New,"Humle, Texas, United States",19.98,https://i.ebayimg.com/images/g/1FMAAOSwOdZfAq71/s-l300.jpg,"'PayPal', 'Visa', 'Master Card', 'Amex', 'Discover', 'PayPal Credit'",https://www.ebay.com/itm/61-Key-Digital-Music-Piano-Keyboard-Portable-Electronic-Musical-Instrument/272393514433?epid=1692784401&_trkparms=ispr%3D1&hash=item3f6beb2dc1:g:akoAAOSwcrJd3UfJ&enc=AQAFAAACYBaobrjLl8XobRIiIML1V4Imu%2Fn%2BzU5L90Z278x5ickkY3FSd4Ad8xn3oRtkVexxrJucFFT6GoaO0xJIwIvxefcwj5BrZ7wd4%2FPVkjTOOS0bnY6PZIDuQfAgtAqRmgYK0Mwgq22ovlsliGavOqp19L2vz9NDlNcwJ56%2FB0vJwYr9AAY4woCkylzlWGpEBzbQkLmOjWTUn0VbNN3pDHi1ESDKd2NOuIk8uCuDqCcdSx3LwQvvJeygPxHh5%2FKm5paVP0i641AU2RzTSPAGI7Nk2SUGO5U66PpB0mirD%2B%2FmvAWYcgTTsrsA62N51jzIVMUKn5tkCXdJCzqbSRw46SfPaV0okkjlVmChKvLgbds5FwnpmNMerLarF63NSDTVbepGbLiFaO485NNk6tjbxO9Q8lr5aIPJSt59CjLKAMgsIzOSRXmJGPNaz5dPgWYiMr7wXacVWj%2Fu%2FXKKx40JGLsv4KsWqlnAEcfYv4kDf0ToSepzdYcq7YXmy1I8ne5fCSmLB69w%2FP1yaHAkbE39Uj1OdH7MmEQImLnf2uloQ8jDf00wZNzC2N3mJt7Ks4vnJkODHJKZ70FZEX6sRZ5yCAC3diiGM2jOz6CzaO8mQ3m6VueG9LfJUwrNrptBnICMQtHtCNU7q%2FOzLwjua0ioPeOZOhOhILIvMhtS8uaCUDcdhziFhX0caIWDhMiIu%2FbSD%2B2hWZHSXiW95BiBSsrL5WwatBWGXlEZgDnWzv7BFioxWxwTWrYQcYc8E8R1QiJcQ6KgzmGi6r3hiQwjyIAZMCOyAw230N%2ByFDRxaojNslDSTBg3&checksum=27239351443365023520f4fc4d9bb2d309cb4f805e91,,,,
31,piano,Yamaha YPG535 88 Key Portale Digital Grand Piano,303619269707,,"Musical Instruments & Gear, Pianos, Keyboards & Organs",mhzstudio8,,Used,"Oakland, New Jersey, United States",15.50,https://i.ebayimg.com/images/g/-CAAAOSwRYZfB4WA/s-l300.jpg,"'PayPal', 'Google Pay', 'Visa', 'Master Card', 'Amex', 'Discover', 'PayPal Credit'",https://www.ebay.com/itm/61-Key-Digital-Music-Piano-Keyboard-Portable-Electronic-Musical-Instrument/272393514433?epid=1692784401&_trkparms=ispr%3D1&hash=item3f6beb2dc1:g:akoAAOSwcrJd3UfJ&enc=AQAFAAACYBaobrjLl8XobRIiIML1V4Imu%2Fn%2BzU5L90Z278x5ickkY3FSd4Ad8xn3oRtkVexxrJucFFT6GoaO0xJIwIvxefcwj5BrZ7wd4%2FPVkjTOOS0bnY6PZIDuQfAgtAqRmgYK0Mwgq22ovlsliGavOqp19L2vz9NDlNcwJ56%2FB0vJwYr9AAY4woCkylzlWGpEBzbQkLmOjWTUn0VbNN3pDHi1ESDKd2NOuIk8uCuDqCcdSx3LwQvvJeygPxHh5%2FKm5paVP0i641AU2RzTSPAGI7Nk2SUGO5U66PpB0mirD%2B%2FmvAWYcgTTsrsA62N51jzIVMUKn5tkCXdJCzqbSRw46SfPaV0okkjlVmChKvLgbds5FwnpmNMerLarF63NSDTVbepGbLiFaO485NNk6tjbxO9Q8lr5aIPJSt59CjLKAMgsIzOSRXmJGPNaz5dPgWYiMr7wXacVWj%2Fu%2FXKKx40JGLsv4KsWqlnAEcfYv4kDf0ToSepzdYcq7YXmy1I8ne5fCSmLB69w%2FP1yaHAkbE39Uj1OdH7MmEQImLnf2uloQ8jDf00wZNzC2N3mJt7Ks4vnJkODHJKZ70FZEX6sRZ5yCAC3diiGM2jOz6CzaO8mQ3m6VueG9LfJUwrNrptBnICMQtHtCNU7q%2FOzLwjua0ioPeOZOhOhILIvMhtS8uaCUDcdhziFhX0caIWDhMiIu%2FbSD%2B2hWZHSXiW95BiBSsrL5WwatBWGXlEZgDnWzv7BFioxWxwTWrYQcYc8E8R1QiJcQ6KgzmGi6r3hiQwjyIAZMCOyAw230N%2ByFDRxaojNslDSTBg3&checksum=27239351443365023520f4fc4d9bb2d309cb4f805e91,,,,
32,piano,88 Key Portale Digital Piano MIDI Keyoard Christmas Gift w/Pedal,174336423080,unbrand,"Musical Instruments & Gear, Pianos, Keyboards & Organs, Pianos",toolsempire,2,New,"Fontana, California, United States",149.59,https://i.ebayimg.com/images/g/PTcAAOSwuJpeq4eo/s-l300.jpg,"'PayPal', 'Visa', 'Master Card', 'Amex', 'Discover', 'PayPal Credit'",https://www.ebay.com/itm/61-Key-Digital-Music-Piano-Keyboard-Portable-Electronic-Musical-Instrument/272393514433?epid=1692784401&_trkparms=ispr%3D1&hash=item3f6beb2dc1:g:akoAAOSwcrJd3UfJ&enc=AQAFAAACYBaobrjLl8XobRIiIML1V4Imu%2Fn%2BzU5L90Z278x5ickkY3FSd4Ad8xn3oRtkVexxrJucFFT6GoaO0xJIwIvxefcwj5BrZ7wd4%2FPVkjTOOS0bnY6PZIDuQfAgtAqRmgYK0Mwgq22ovlsliGavOqp19L2vz9NDlNcwJ56%2FB0vJwYr9AAY4woCkylzlWGpEBzbQkLmOjWTUn0VbNN3pDHi1ESDKd2NOuIk8uCuDqCcdSx3LwQvvJeygPxHh5%2FKm5paVP0i641AU2RzTSPAGI7Nk2SUGO5U66PpB0mirD%2B%2FmvAWYcgTTsrsA62N51jzIVMUKn5tkCXdJCzqbSRw46SfPaV0okkjlVmChKvLgbds5FwnpmNMerLarF63NSDTVbepGbLiFaO485NNk6tjbxO9Q8lr5aIPJSt59CjLKAMgsIzOSRXmJGPNaz5dPgWYiMr7wXacVWj%2Fu%2FXKKx40JGLsv4KsWqlnAEcfYv4kDf0ToSepzdYcq7YXmy1I8ne5fCSmLB69w%2FP1yaHAkbE39Uj1OdH7MmEQImLnf2uloQ8jDf00wZNzC2N3mJt7Ks4vnJkODHJKZ70FZEX6sRZ5yCAC3diiGM2jOz6CzaO8mQ3m6VueG9LfJUwrNrptBnICMQtHtCNU7q%2FOzLwjua0ioPeOZOhOhILIvMhtS8uaCUDcdhziFhX0caIWDhMiIu%2FbSD%2B2hWZHSXiW95BiBSsrL5WwatBWGXlEZgDnWzv7BFioxWxwTWrYQcYc8E8R1QiJcQ6KgzmGi6r3hiQwjyIAZMCOyAw230N%2ByFDRxaojNslDSTBg3&checksum=27239351443365023520f4fc4d9bb2d309cb4f805e91,,,TY579535BK-DT,
33,piano,61/54Key Full Size Electronic Piano Keyoard Electric LCD Audio Input MP3 Music,133134669234,Branded,"Musical Instruments & Gear, Pianos, Keyboards & Organs",sale2015express,65,New,"Kenilworth, New Jersey, United States",32.99,https://i.ebayimg.com/images/g/5wYAAOSw4vRdSF1y/s-l300.jpg,"'PayPal', 'Visa', 'Master Card', 'Amex', 'Discover', 'PayPal Credit'",https://www.ebay.com/itm/61-Key-Digital-Music-Piano-Keyboard-Portable-Electronic-Musical-Instrument/272393514433?epid=1692784401&_trkparms=ispr%3D1&hash=item3f6beb2dc1:g:akoAAOSwcrJd3UfJ&enc=AQAFAAACYBaobrjLl8XobRIiIML1V4Imu%2Fn%2BzU5L90Z278x5ickkY3FSd4Ad8xn3oRtkVexxrJucFFT6GoaO0xJIwIvxefcwj5BrZ7wd4%2FPVkjTOOS0bnY6PZIDuQfAgtAqRmgYK0Mwgq22ovlsliGavOqp19L2vz9NDlNcwJ56%2FB0vJwYr9AAY4woCkylzlWGpEBzbQkLmOjWTUn0VbNN3pDHi1ESDKd2NOuIk8uCuDqCcdSx3LwQvvJeygPxHh5%2FKm5paVP0i641AU2RzTSPAGI7Nk2SUGO5U66PpB0mirD%2B%2FmvAWYcgTTsrsA62N51jzIVMUKn5tkCXdJCzqbSRw46SfPaV0okkjlVmChKvLgbds5FwnpmNMerLarF63NSDTVbepGbLiFaO485NNk6tjbxO9Q8lr5aIPJSt59CjLKAMgsIzOSRXmJGPNaz5dPgWYiMr7wXacVWj%2Fu%2FXKKx40JGLsv4KsWqlnAEcfYv4kDf0ToSepzdYcq7YXmy1I8ne5fCSmLB69w%2FP1yaHAkbE39Uj1OdH7MmEQImLnf2uloQ8jDf00wZNzC2N3mJt7Ks4vnJkODHJKZ70FZEX6sRZ5yCAC3diiGM2jOz6CzaO8mQ3m6VueG9LfJUwrNrptBnICMQtHtCNU7q%2FOzLwjua0ioPeOZOhOhILIvMhtS8uaCUDcdhziFhX0caIWDhMiIu%2FbSD%2B2hWZHSXiW95BiBSsrL5WwatBWGXlEZgDnWzv7BFioxWxwTWrYQcYc8E8R1QiJcQ6KgzmGi6r3hiQwjyIAZMCOyAw230N%2ByFDRxaojNslDSTBg3&checksum=27239351443365023520f4fc4d9bb2d309cb4f805e91,,,,
34,piano,88 Key Electric Digital Keyoard Weighted Action Piano LCD w/Stand+3 Pedal Board,264492012426,mecor,"Musical Instruments & Gear, Pianos, Keyboards & Organs, Pianos, Digital Pianos, Musical Instruments & Gear, Pianos, Keyboards & Organs",mecor2014,40,New,"Los Angeles, United States",386.99,https://i.ebayimg.com/images/g/cUAAAOSwhZhdnKSQ/s-l300.jpg,"'PayPal', 'Visa', 'Master Card', 'Amex', 'Discover', 'PayPal Credit'",https://www.ebay.com/itm/61-Key-Digital-Music-Piano-Keyboard-Portable-Electronic-Musical-Instrument/272393514433?epid=1692784401&_trkparms=ispr%3D1&hash=item3f6beb2dc1:g:akoAAOSwcrJd3UfJ&enc=AQAFAAACYBaobrjLl8XobRIiIML1V4Imu%2Fn%2BzU5L90Z278x5ickkY3FSd4Ad8xn3oRtkVexxrJucFFT6GoaO0xJIwIvxefcwj5BrZ7wd4%2FPVkjTOOS0bnY6PZIDuQfAgtAqRmgYK0Mwgq22ovlsliGavOqp19L2vz9NDlNcwJ56%2FB0vJwYr9AAY4woCkylzlWGpEBzbQkLmOjWTUn0VbNN3pDHi1ESDKd2NOuIk8uCuDqCcdSx3LwQvvJeygPxHh5%2FKm5paVP0i641AU2RzTSPAGI7Nk2SUGO5U66PpB0mirD%2B%2FmvAWYcgTTsrsA62N51jzIVMUKn5tkCXdJCzqbSRw46SfPaV0okkjlVmChKvLgbds5FwnpmNMerLarF63NSDTVbepGbLiFaO485NNk6tjbxO9Q8lr5aIPJSt59CjLKAMgsIzOSRXmJGPNaz5dPgWYiMr7wXacVWj%2Fu%2FXKKx40JGLsv4KsWqlnAEcfYv4kDf0ToSepzdYcq7YXmy1I8ne5fCSmLB69w%2FP1yaHAkbE39Uj1OdH7MmEQImLnf2uloQ8jDf00wZNzC2N3mJt7Ks4vnJkODHJKZ70FZEX6sRZ5yCAC3diiGM2jOz6CzaO8mQ3m6VueG9LfJUwrNrptBnICMQtHtCNU7q%2FOzLwjua0ioPeOZOhOhILIvMhtS8uaCUDcdhziFhX0caIWDhMiIu%2FbSD%2B2hWZHSXiW95BiBSsrL5WwatBWGXlEZgDnWzv7BFioxWxwTWrYQcYc8E8R1QiJcQ6KgzmGi6r3hiQwjyIAZMCOyAw230N%2ByFDRxaojNslDSTBg3&checksum=27239351443365023520f4fc4d9bb2d309cb4f805e91,644925691709,644925691709,6010205000mecor,
35,piano,61 Key Electric Piano Organ Music Digital Electronic Keyoard with Stand Black,223708302967,Uenjoy,"Musical Instruments & Gear, Pianos, Keyboards & Organs",dealmore_us,15,New,"Ontario, California, United States",81.99,https://i.ebayimg.com/images/g/~AgAAOSwxIldpzDT/s-l300.jpg,"'PayPal', 'Visa', 'Master Card', 'Amex', 'Discover', 'PayPal Credit'",https://www.ebay.com/itm/61-Key-Digital-Music-Piano-Keyboard-Portable-Electronic-Musical-Instrument/272393514433?epid=1692784401&_trkparms=ispr%3D1&hash=item3f6beb2dc1:g:akoAAOSwcrJd3UfJ&enc=AQAFAAACYBaobrjLl8XobRIiIML1V4Imu%2Fn%2BzU5L90Z278x5ickkY3FSd4Ad8xn3oRtkVexxrJucFFT6GoaO0xJIwIvxefcwj5BrZ7wd4%2FPVkjTOOS0bnY6PZIDuQfAgtAqRmgYK0Mwgq22ovlsliGavOqp19L2vz9NDlNcwJ56%2FB0vJwYr9AAY4woCkylzlWGpEBzbQkLmOjWTUn0VbNN3pDHi1ESDKd2NOuIk8uCuDqCcdSx3LwQvvJeygPxHh5%2FKm5paVP0i641AU2RzTSPAGI7Nk2SUGO5U66PpB0mirD%2B%2FmvAWYcgTTsrsA62N51jzIVMUKn5tkCXdJCzqbSRw46SfPaV0okkjlVmChKvLgbds5FwnpmNMerLarF63NSDTVbepGbLiFaO485NNk6tjbxO9Q8lr5aIPJSt59CjLKAMgsIzOSRXmJGPNaz5dPgWYiMr7wXacVWj%2Fu%2FXKKx40JGLsv4KsWqlnAEcfYv4kDf0ToSepzdYcq7YXmy1I8ne5fCSmLB69w%2FP1yaHAkbE39Uj1OdH7MmEQImLnf2uloQ8jDf00wZNzC2N3mJt7Ks4vnJkODHJKZ70FZEX6sRZ5yCAC3diiGM2jOz6CzaO8mQ3m6VueG9LfJUwrNrptBnICMQtHtCNU7q%2FOzLwjua0ioPeOZOhOhILIvMhtS8uaCUDcdhziFhX0caIWDhMiIu%2FbSD%2B2hWZHSXiW95BiBSsrL5WwatBWGXlEZgDnWzv7BFioxWxwTWrYQcYc8E8R1QiJcQ6KgzmGi6r3hiQwjyIAZMCOyAw230N%2ByFDRxaojNslDSTBg3&checksum=27239351443365023520f4fc4d9bb2d309cb4f805e91,,604220790880,6010203500deal,
36,piano,Portale 88 Key Digital Piano MIDI Keyoard Bluetooth w/Pedal White,283722968602,costway,"Musical Instruments & Gear, Pianos, Keyboards & Organs, Pianos",officeplus,12,New,"Fontana, California, United States",149.95,https://i.ebayimg.com/images/g/FzwAAOSwAyleBDDA/s-l300.jpg,"'PayPal', 'Visa', 'Master Card', 'Amex', 'Discover', 'PayPal Credit'",https://www.ebay.com/itm/61-Key-Digital-Music-Piano-Keyboard-Portable-Electronic-Musical-Instrument/272393514433?epid=1692784401&_trkparms=ispr%3D1&hash=item3f6beb2dc1:g:akoAAOSwcrJd3UfJ&enc=AQAFAAACYBaobrjLl8XobRIiIML1V4Imu%2Fn%2BzU5L90Z278x5ickkY3FSd4Ad8xn3oRtkVexxrJucFFT6GoaO0xJIwIvxefcwj5BrZ7wd4%2FPVkjTOOS0bnY6PZIDuQfAgtAqRmgYK0Mwgq22ovlsliGavOqp19L2vz9NDlNcwJ56%2FB0vJwYr9AAY4woCkylzlWGpEBzbQkLmOjWTUn0VbNN3pDHi1ESDKd2NOuIk8uCuDqCcdSx3LwQvvJeygPxHh5%2FKm5paVP0i641AU2RzTSPAGI7Nk2SUGO5U66PpB0mirD%2B%2FmvAWYcgTTsrsA62N51jzIVMUKn5tkCXdJCzqbSRw46SfPaV0okkjlVmChKvLgbds5FwnpmNMerLarF63NSDTVbepGbLiFaO485NNk6tjbxO9Q8lr5aIPJSt59CjLKAMgsIzOSRXmJGPNaz5dPgWYiMr7wXacVWj%2Fu%2FXKKx40JGLsv4KsWqlnAEcfYv4kDf0ToSepzdYcq7YXmy1I8ne5fCSmLB69w%2FP1yaHAkbE39Uj1OdH7MmEQImLnf2uloQ8jDf00wZNzC2N3mJt7Ks4vnJkODHJKZ70FZEX6sRZ5yCAC3diiGM2jOz6CzaO8mQ3m6VueG9LfJUwrNrptBnICMQtHtCNU7q%2FOzLwjua0ioPeOZOhOhILIvMhtS8uaCUDcdhziFhX0caIWDhMiIu%2FbSD%2B2hWZHSXiW95BiBSsrL5WwatBWGXlEZgDnWzv7BFioxWxwTWrYQcYc8E8R1QiJcQ6KgzmGi6r3hiQwjyIAZMCOyAw230N%2ByFDRxaojNslDSTBg3&checksum=27239351443365023520f4fc4d9bb2d309cb4f805e91,,,TY579535WH,
37,piano,61 Key Electronic Keyoard Music Digital Electric Piano Organ with X Stand Black,184083545138,salestationusa,"Musical Instruments & Gear, Pianos, Keyboards & Organs",salestationusa,32,New,"Port Reading, New Jersey, United States",81.99,https://i.ebayimg.com/images/g/8y4AAOSwkedd9u46/s-l300.jpg,"'PayPal', 'Visa', 'Master Card', 'Amex', 'Discover', 'PayPal Credit'",https://www.ebay.com/itm/61-Key-Digital-Music-Piano-Keyboard-Portable-Electronic-Musical-Instrument/272393514433?epid=1692784401&_trkparms=ispr%3D1&hash=item3f6beb2dc1:g:akoAAOSwcrJd3UfJ&enc=AQAFAAACYBaobrjLl8XobRIiIML1V4Imu%2Fn%2BzU5L90Z278x5ickkY3FSd4Ad8xn3oRtkVexxrJucFFT6GoaO0xJIwIvxefcwj5BrZ7wd4%2FPVkjTOOS0bnY6PZIDuQfAgtAqRmgYK0Mwgq22ovlsliGavOqp19L2vz9NDlNcwJ56%2FB0vJwYr9AAY4woCkylzlWGpEBzbQkLmOjWTUn0VbNN3pDHi1ESDKd2NOuIk8uCuDqCcdSx3LwQvvJeygPxHh5%2FKm5paVP0i641AU2RzTSPAGI7Nk2SUGO5U66PpB0mirD%2B%2FmvAWYcgTTsrsA62N51jzIVMUKn5tkCXdJCzqbSRw46SfPaV0okkjlVmChKvLgbds5FwnpmNMerLarF63NSDTVbepGbLiFaO485NNk6tjbxO9Q8lr5aIPJSt59CjLKAMgsIzOSRXmJGPNaz5dPgWYiMr7wXacVWj%2Fu%2FXKKx40JGLsv4KsWqlnAEcfYv4kDf0ToSepzdYcq7YXmy1I8ne5fCSmLB69w%2FP1yaHAkbE39Uj1OdH7MmEQImLnf2uloQ8jDf00wZNzC2N3mJt7Ks4vnJkODHJKZ70FZEX6sRZ5yCAC3diiGM2jOz6CzaO8mQ3m6VueG9LfJUwrNrptBnICMQtHtCNU7q%2FOzLwjua0ioPeOZOhOhILIvMhtS8uaCUDcdhziFhX0caIWDhMiIu%2FbSD%2B2hWZHSXiW95BiBSsrL5WwatBWGXlEZgDnWzv7BFioxWxwTWrYQcYc8E8R1QiJcQ6KgzmGi6r3hiQwjyIAZMCOyAw230N%2ByFDRxaojNslDSTBg3&checksum=27239351443365023520f4fc4d9bb2d309cb4f805e91,604220808851,604220808851,6010203500USA,
38,piano,61 Keys Digital Music Electronic Keyoard Kid Electric Piano Organ W/ Microphone,133446508481,Unbranded/Generic,"Musical Instruments & Gear, Pianos, Keyboards & Organs",dandelionfly,21,New,"Altadena, California, United States",24.87,https://i.ebayimg.com/images/g/ERYAAOSwGdJe8eLS/s-l300.jpg,"'PayPal', 'Visa', 'Master Card', 'Amex', 'Discover', 'PayPal Credit'",https://www.ebay.com/itm/61-Key-Digital-Music-Piano-Keyboard-Portable-Electronic-Musical-Instrument/272393514433?epid=1692784401&_trkparms=ispr%3D1&hash=item3f6beb2dc1:g:akoAAOSwcrJd3UfJ&enc=AQAFAAACYBaobrjLl8XobRIiIML1V4Imu%2Fn%2BzU5L90Z278x5ickkY3FSd4Ad8xn3oRtkVexxrJucFFT6GoaO0xJIwIvxefcwj5BrZ7wd4%2FPVkjTOOS0bnY6PZIDuQfAgtAqRmgYK0Mwgq22ovlsliGavOqp19L2vz9NDlNcwJ56%2FB0vJwYr9AAY4woCkylzlWGpEBzbQkLmOjWTUn0VbNN3pDHi1ESDKd2NOuIk8uCuDqCcdSx3LwQvvJeygPxHh5%2FKm5paVP0i641AU2RzTSPAGI7Nk2SUGO5U66PpB0mirD%2B%2FmvAWYcgTTsrsA62N51jzIVMUKn5tkCXdJCzqbSRw46SfPaV0okkjlVmChKvLgbds5FwnpmNMerLarF63NSDTVbepGbLiFaO485NNk6tjbxO9Q8lr5aIPJSt59CjLKAMgsIzOSRXmJGPNaz5dPgWYiMr7wXacVWj%2Fu%2FXKKx40JGLsv4KsWqlnAEcfYv4kDf0ToSepzdYcq7YXmy1I8ne5fCSmLB69w%2FP1yaHAkbE39Uj1OdH7MmEQImLnf2uloQ8jDf00wZNzC2N3mJt7Ks4vnJkODHJKZ70FZEX6sRZ5yCAC3diiGM2jOz6CzaO8mQ3m6VueG9LfJUwrNrptBnICMQtHtCNU7q%2FOzLwjua0ioPeOZOhOhILIvMhtS8uaCUDcdhziFhX0caIWDhMiIu%2FbSD%2B2hWZHSXiW95BiBSsrL5WwatBWGXlEZgDnWzv7BFioxWxwTWrYQcYc8E8R1QiJcQ6KgzmGi6r3hiQwjyIAZMCOyAw230N%2ByFDRxaojNslDSTBg3&checksum=27239351443365023520f4fc4d9bb2d309cb4f805e91,,,axP8243814,
39,piano,61-Key Digital Music Piano Keyoard - Portale Electronic Musical Instrument,401196967508,Hamzer,"Musical Instruments & Gear, Pianos, Keyboards & Organs, Electronic Keyboards",leadingliving,"1,345",New,"Fort Lauderdale, FL, United States",103.99,https://i.ebayimg.com/images/g/r8QAAOSwHv1d3Uke/s-l300.jpg,"'PayPal', 'Google Pay', 'Visa', 'Master Card', 'Amex', 'Discover', 'PayPal Credit'",https://www.ebay.com/itm/61-Key-Digital-Music-Piano-Keyboard-Portable-Electronic-Musical-Instrument/272393514433?epid=1692784401&_trkparms=ispr%3D1&hash=item3f6beb2dc1:g:akoAAOSwcrJd3UfJ&enc=AQAFAAACYBaobrjLl8XobRIiIML1V4Imu%2Fn%2BzU5L90Z278x5ickkY3FSd4Ad8xn3oRtkVexxrJucFFT6GoaO0xJIwIvxefcwj5BrZ7wd4%2FPVkjTOOS0bnY6PZIDuQfAgtAqRmgYK0Mwgq22ovlsliGavOqp19L2vz9NDlNcwJ56%2FB0vJwYr9AAY4woCkylzlWGpEBzbQkLmOjWTUn0VbNN3pDHi1ESDKd2NOuIk8uCuDqCcdSx3LwQvvJeygPxHh5%2FKm5paVP0i641AU2RzTSPAGI7Nk2SUGO5U66PpB0mirD%2B%2FmvAWYcgTTsrsA62N51jzIVMUKn5tkCXdJCzqbSRw46SfPaV0okkjlVmChKvLgbds5FwnpmNMerLarF63NSDTVbepGbLiFaO485NNk6tjbxO9Q8lr5aIPJSt59CjLKAMgsIzOSRXmJGPNaz5dPgWYiMr7wXacVWj%2Fu%2FXKKx40JGLsv4KsWqlnAEcfYv4kDf0ToSepzdYcq7YXmy1I8ne5fCSmLB69w%2FP1yaHAkbE39Uj1OdH7MmEQImLnf2uloQ8jDf00wZNzC2N3mJt7Ks4vnJkODHJKZ70FZEX6sRZ5yCAC3diiGM2jOz6CzaO8mQ3m6VueG9LfJUwrNrptBnICMQtHtCNU7q%2FOzLwjua0ioPeOZOhOhILIvMhtS8uaCUDcdhziFhX0caIWDhMiIu%2FbSD%2B2hWZHSXiW95BiBSsrL5WwatBWGXlEZgDnWzv7BFioxWxwTWrYQcYc8E8R1QiJcQ6KgzmGi6r3hiQwjyIAZMCOyAw230N%2ByFDRxaojNslDSTBg3&checksum=27239351443365023520f4fc4d9bb2d309cb4f805e91,702082708897,702082708897,,
40,piano,Digital Piano Keyoard 61 Key - Portale Electronic Instrument with Mic & Stand,392860688112,MUCH,"Musical Instruments & Gear, Pianos, Keyboards & Organs, Electronic Keyboards, Toys & Hobbies, Educational",goodssale2010,1,New,"Kenilworth, New Jersey, United States",58.99,https://i.ebayimg.com/images/g/jxUAAOSw5ope~1ar/s-l300.jpg,"'PayPal', 'Visa', 'Master Card', 'Amex', 'Discover', 'PayPal Credit'",https://www.ebay.com/itm/61-Key-Digital-Music-Piano-Keyboard-Portable-Electronic-Musical-Instrument/272393514433?epid=1692784401&_trkparms=ispr%3D1&hash=item3f6beb2dc1:g:akoAAOSwcrJd3UfJ&enc=AQAFAAACYBaobrjLl8XobRIiIML1V4Imu%2Fn%2BzU5L90Z278x5ickkY3FSd4Ad8xn3oRtkVexxrJucFFT6GoaO0xJIwIvxefcwj5BrZ7wd4%2FPVkjTOOS0bnY6PZIDuQfAgtAqRmgYK0Mwgq22ovlsliGavOqp19L2vz9NDlNcwJ56%2FB0vJwYr9AAY4woCkylzlWGpEBzbQkLmOjWTUn0VbNN3pDHi1ESDKd2NOuIk8uCuDqCcdSx3LwQvvJeygPxHh5%2FKm5paVP0i641AU2RzTSPAGI7Nk2SUGO5U66PpB0mirD%2B%2FmvAWYcgTTsrsA62N51jzIVMUKn5tkCXdJCzqbSRw46SfPaV0okkjlVmChKvLgbds5FwnpmNMerLarF63NSDTVbepGbLiFaO485NNk6tjbxO9Q8lr5aIPJSt59CjLKAMgsIzOSRXmJGPNaz5dPgWYiMr7wXacVWj%2Fu%2FXKKx40JGLsv4KsWqlnAEcfYv4kDf0ToSepzdYcq7YXmy1I8ne5fCSmLB69w%2FP1yaHAkbE39Uj1OdH7MmEQImLnf2uloQ8jDf00wZNzC2N3mJt7Ks4vnJkODHJKZ70FZEX6sRZ5yCAC3diiGM2jOz6CzaO8mQ3m6VueG9LfJUwrNrptBnICMQtHtCNU7q%2FOzLwjua0ioPeOZOhOhILIvMhtS8uaCUDcdhziFhX0caIWDhMiIu%2FbSD%2B2hWZHSXiW95BiBSsrL5WwatBWGXlEZgDnWzv7BFioxWxwTWrYQcYc8E8R1QiJcQ6KgzmGi6r3hiQwjyIAZMCOyAw230N%2ByFDRxaojNslDSTBg3&checksum=27239351443365023520f4fc4d9bb2d309cb4f805e91,600685619957,600685619957,,
41,piano,Full Size 61 Keys Light Up Electronic Keyoard Digital Music Piano Microphone,143650572907,MUCH,"Musical Instruments & Gear, Pianos, Keyboards & Organs, Electronic Keyboards, Toys & Hobbies, Educational",goodssale2010,,New,"Kenilworth, New Jersey, United States",85.03,https://i.ebayimg.com/images/g/KpEAAOSwbLpelLfw/s-l300.jpg,"'PayPal', 'Visa', 'Master Card', 'Amex', 'Discover', 'PayPal Credit'",https://www.ebay.com/itm/61-Key-Digital-Music-Piano-Keyboard-Portable-Electronic-Musical-Instrument/272393514433?epid=1692784401&_trkparms=ispr%3D1&hash=item3f6beb2dc1:g:akoAAOSwcrJd3UfJ&enc=AQAFAAACYBaobrjLl8XobRIiIML1V4Imu%2Fn%2BzU5L90Z278x5ickkY3FSd4Ad8xn3oRtkVexxrJucFFT6GoaO0xJIwIvxefcwj5BrZ7wd4%2FPVkjTOOS0bnY6PZIDuQfAgtAqRmgYK0Mwgq22ovlsliGavOqp19L2vz9NDlNcwJ56%2FB0vJwYr9AAY4woCkylzlWGpEBzbQkLmOjWTUn0VbNN3pDHi1ESDKd2NOuIk8uCuDqCcdSx3LwQvvJeygPxHh5%2FKm5paVP0i641AU2RzTSPAGI7Nk2SUGO5U66PpB0mirD%2B%2FmvAWYcgTTsrsA62N51jzIVMUKn5tkCXdJCzqbSRw46SfPaV0okkjlVmChKvLgbds5FwnpmNMerLarF63NSDTVbepGbLiFaO485NNk6tjbxO9Q8lr5aIPJSt59CjLKAMgsIzOSRXmJGPNaz5dPgWYiMr7wXacVWj%2Fu%2FXKKx40JGLsv4KsWqlnAEcfYv4kDf0ToSepzdYcq7YXmy1I8ne5fCSmLB69w%2FP1yaHAkbE39Uj1OdH7MmEQImLnf2uloQ8jDf00wZNzC2N3mJt7Ks4vnJkODHJKZ70FZEX6sRZ5yCAC3diiGM2jOz6CzaO8mQ3m6VueG9LfJUwrNrptBnICMQtHtCNU7q%2FOzLwjua0ioPeOZOhOhILIvMhtS8uaCUDcdhziFhX0caIWDhMiIu%2FbSD%2B2hWZHSXiW95BiBSsrL5WwatBWGXlEZgDnWzv7BFioxWxwTWrYQcYc8E8R1QiJcQ6KgzmGi6r3hiQwjyIAZMCOyAw230N%2ByFDRxaojNslDSTBg3&checksum=27239351443365023520f4fc4d9bb2d309cb4f805e91,,,,
42,piano,BX-? 88 Key Digital Piano MIDI Keyoard w/Bluetooth,383603789812,Unbrand,"Musical Instruments & Gear, Pianos, Keyboards & Organs, Pianos",comfortchoice,1,New,"Fontana, California, United States",169.99,https://i.ebayimg.com/images/g/w8oAAOSw9VZe8rA2/s-l300.jpg,"'PayPal', 'Visa', 'Master Card', 'Amex', 'Discover', 'PayPal Credit'",https://www.ebay.com/itm/61-Key-Digital-Music-Piano-Keyboard-Portable-Electronic-Musical-Instrument/272393514433?epid=1692784401&_trkparms=ispr%3D1&hash=item3f6beb2dc1:g:akoAAOSwcrJd3UfJ&enc=AQAFAAACYBaobrjLl8XobRIiIML1V4Imu%2Fn%2BzU5L90Z278x5ickkY3FSd4Ad8xn3oRtkVexxrJucFFT6GoaO0xJIwIvxefcwj5BrZ7wd4%2FPVkjTOOS0bnY6PZIDuQfAgtAqRmgYK0Mwgq22ovlsliGavOqp19L2vz9NDlNcwJ56%2FB0vJwYr9AAY4woCkylzlWGpEBzbQkLmOjWTUn0VbNN3pDHi1ESDKd2NOuIk8uCuDqCcdSx3LwQvvJeygPxHh5%2FKm5paVP0i641AU2RzTSPAGI7Nk2SUGO5U66PpB0mirD%2B%2FmvAWYcgTTsrsA62N51jzIVMUKn5tkCXdJCzqbSRw46SfPaV0okkjlVmChKvLgbds5FwnpmNMerLarF63NSDTVbepGbLiFaO485NNk6tjbxO9Q8lr5aIPJSt59CjLKAMgsIzOSRXmJGPNaz5dPgWYiMr7wXacVWj%2Fu%2FXKKx40JGLsv4KsWqlnAEcfYv4kDf0ToSepzdYcq7YXmy1I8ne5fCSmLB69w%2FP1yaHAkbE39Uj1OdH7MmEQImLnf2uloQ8jDf00wZNzC2N3mJt7Ks4vnJkODHJKZ70FZEX6sRZ5yCAC3diiGM2jOz6CzaO8mQ3m6VueG9LfJUwrNrptBnICMQtHtCNU7q%2FOzLwjua0ioPeOZOhOhILIvMhtS8uaCUDcdhziFhX0caIWDhMiIu%2FbSD%2B2hWZHSXiW95BiBSsrL5WwatBWGXlEZgDnWzv7BFioxWxwTWrYQcYc8E8R1QiJcQ6KgzmGi6r3hiQwjyIAZMCOyAw230N%2ByFDRxaojNslDSTBg3&checksum=27239351443365023520f4fc4d9bb2d309cb4f805e91,6530462801982,6530462801982,GYM04255,
43,piano,RockJam RJ654 61 Key Digital Piano Keyoard Black ,324225596576,RockJam,"Musical Instruments & Gear, Pianos, Keyboards & Organs, Electronic Keyboards",esd05,,Used,"Arlington, Texas, United States",50.00,https://i.ebayimg.com/images/g/NIgAAOSw2z9fCFCs/s-l300.jpg,"'PayPal', 'Visa', 'Master Card', 'Amex', 'Discover', 'PayPal Credit'",https://www.ebay.com/itm/61-Key-Digital-Music-Piano-Keyboard-Portable-Electronic-Musical-Instrument/272393514433?epid=1692784401&_trkparms=ispr%3D1&hash=item3f6beb2dc1:g:akoAAOSwcrJd3UfJ&enc=AQAFAAACYBaobrjLl8XobRIiIML1V4Imu%2Fn%2BzU5L90Z278x5ickkY3FSd4Ad8xn3oRtkVexxrJucFFT6GoaO0xJIwIvxefcwj5BrZ7wd4%2FPVkjTOOS0bnY6PZIDuQfAgtAqRmgYK0Mwgq22ovlsliGavOqp19L2vz9NDlNcwJ56%2FB0vJwYr9AAY4woCkylzlWGpEBzbQkLmOjWTUn0VbNN3pDHi1ESDKd2NOuIk8uCuDqCcdSx3LwQvvJeygPxHh5%2FKm5paVP0i641AU2RzTSPAGI7Nk2SUGO5U66PpB0mirD%2B%2FmvAWYcgTTsrsA62N51jzIVMUKn5tkCXdJCzqbSRw46SfPaV0okkjlVmChKvLgbds5FwnpmNMerLarF63NSDTVbepGbLiFaO485NNk6tjbxO9Q8lr5aIPJSt59CjLKAMgsIzOSRXmJGPNaz5dPgWYiMr7wXacVWj%2Fu%2FXKKx40JGLsv4KsWqlnAEcfYv4kDf0ToSepzdYcq7YXmy1I8ne5fCSmLB69w%2FP1yaHAkbE39Uj1OdH7MmEQImLnf2uloQ8jDf00wZNzC2N3mJt7Ks4vnJkODHJKZ70FZEX6sRZ5yCAC3diiGM2jOz6CzaO8mQ3m6VueG9LfJUwrNrptBnICMQtHtCNU7q%2FOzLwjua0ioPeOZOhOhILIvMhtS8uaCUDcdhziFhX0caIWDhMiIu%2FbSD%2B2hWZHSXiW95BiBSsrL5WwatBWGXlEZgDnWzv7BFioxWxwTWrYQcYc8E8R1QiJcQ6KgzmGi6r3hiQwjyIAZMCOyAw230N%2ByFDRxaojNslDSTBg3&checksum=27239351443365023520f4fc4d9bb2d309cb4f805e91,,,RJ561-SK,
44,piano,61 Key Full Size Electronic Piano Keyoard Electric LCD USB Input MP3 Music,112616540625,ReaseJoy,"Musical Instruments & Gear, Pianos, Keyboards & Organs, Electronic Keyboards",reasejoyus,338,New,"La Puente, California, United States",78.99,https://i.ebayimg.com/images/g/MnEAAOSwldRaBIVu/s-l300.jpg,"'PayPal', 'Visa', 'Master Card', 'Amex', 'Discover', 'PayPal Credit'",https://www.ebay.com/itm/61-Key-Digital-Music-Piano-Keyboard-Portable-Electronic-Musical-Instrument/272393514433?epid=1692784401&_trkparms=ispr%3D1&hash=item3f6beb2dc1:g:akoAAOSwcrJd3UfJ&enc=AQAFAAACYBaobrjLl8XobRIiIML1V4Imu%2Fn%2BzU5L90Z278x5ickkY3FSd4Ad8xn3oRtkVexxrJucFFT6GoaO0xJIwIvxefcwj5BrZ7wd4%2FPVkjTOOS0bnY6PZIDuQfAgtAqRmgYK0Mwgq22ovlsliGavOqp19L2vz9NDlNcwJ56%2FB0vJwYr9AAY4woCkylzlWGpEBzbQkLmOjWTUn0VbNN3pDHi1ESDKd2NOuIk8uCuDqCcdSx3LwQvvJeygPxHh5%2FKm5paVP0i641AU2RzTSPAGI7Nk2SUGO5U66PpB0mirD%2B%2FmvAWYcgTTsrsA62N51jzIVMUKn5tkCXdJCzqbSRw46SfPaV0okkjlVmChKvLgbds5FwnpmNMerLarF63NSDTVbepGbLiFaO485NNk6tjbxO9Q8lr5aIPJSt59CjLKAMgsIzOSRXmJGPNaz5dPgWYiMr7wXacVWj%2Fu%2FXKKx40JGLsv4KsWqlnAEcfYv4kDf0ToSepzdYcq7YXmy1I8ne5fCSmLB69w%2FP1yaHAkbE39Uj1OdH7MmEQImLnf2uloQ8jDf00wZNzC2N3mJt7Ks4vnJkODHJKZ70FZEX6sRZ5yCAC3diiGM2jOz6CzaO8mQ3m6VueG9LfJUwrNrptBnICMQtHtCNU7q%2FOzLwjua0ioPeOZOhOhILIvMhtS8uaCUDcdhziFhX0caIWDhMiIu%2FbSD%2B2hWZHSXiW95BiBSsrL5WwatBWGXlEZgDnWzv7BFioxWxwTWrYQcYc8E8R1QiJcQ6KgzmGi6r3hiQwjyIAZMCOyAw230N%2ByFDRxaojNslDSTBg3&checksum=27239351443365023520f4fc4d9bb2d309cb4f805e91,637509469337,637509469337,RJ-U-EPN-28-004-0001,
45,piano,Yamaha P-45 Digital Piano - Black KEY ESSENTIALS BUNDLE,221778179310,Yamaha,"Musical Instruments & Gear, Pianos, Keyboards & Organs, Pianos, Digital Pianos",kraftmusic,291,New,"Franklin, Wisconsin, United States",539.99,https://i.ebayimg.com/images/g/JzYAAOSwoCFeRtZd/s-l300.jpg,"'PayPal', 'Google Pay', 'Visa', 'Master Card', 'Amex', 'Discover', 'PayPal Credit'",https://www.ebay.com/itm/61-Key-Digital-Music-Piano-Keyboard-Portable-Electronic-Musical-Instrument/272393514433?epid=1692784401&_trkparms=ispr%3D1&hash=item3f6beb2dc1:g:akoAAOSwcrJd3UfJ&enc=AQAFAAACYBaobrjLl8XobRIiIML1V4Imu%2Fn%2BzU5L90Z278x5ickkY3FSd4Ad8xn3oRtkVexxrJucFFT6GoaO0xJIwIvxefcwj5BrZ7wd4%2FPVkjTOOS0bnY6PZIDuQfAgtAqRmgYK0Mwgq22ovlsliGavOqp19L2vz9NDlNcwJ56%2FB0vJwYr9AAY4woCkylzlWGpEBzbQkLmOjWTUn0VbNN3pDHi1ESDKd2NOuIk8uCuDqCcdSx3LwQvvJeygPxHh5%2FKm5paVP0i641AU2RzTSPAGI7Nk2SUGO5U66PpB0mirD%2B%2FmvAWYcgTTsrsA62N51jzIVMUKn5tkCXdJCzqbSRw46SfPaV0okkjlVmChKvLgbds5FwnpmNMerLarF63NSDTVbepGbLiFaO485NNk6tjbxO9Q8lr5aIPJSt59CjLKAMgsIzOSRXmJGPNaz5dPgWYiMr7wXacVWj%2Fu%2FXKKx40JGLsv4KsWqlnAEcfYv4kDf0ToSepzdYcq7YXmy1I8ne5fCSmLB69w%2FP1yaHAkbE39Uj1OdH7MmEQImLnf2uloQ8jDf00wZNzC2N3mJt7Ks4vnJkODHJKZ70FZEX6sRZ5yCAC3diiGM2jOz6CzaO8mQ3m6VueG9LfJUwrNrptBnICMQtHtCNU7q%2FOzLwjua0ioPeOZOhOhILIvMhtS8uaCUDcdhziFhX0caIWDhMiIu%2FbSD%2B2hWZHSXiW95BiBSsrL5WwatBWGXlEZgDnWzv7BFioxWxwTWrYQcYc8E8R1QiJcQ6KgzmGi6r3hiQwjyIAZMCOyAw230N%2ByFDRxaojNslDSTBg3&checksum=27239351443365023520f4fc4d9bb2d309cb4f805e91,,,P45B,
46,piano,61 Keys Digital Music Electronic Keyoard Kid Electric Piano Organ + Microphone,133445708589,Unbranded/Generic,"Musical Instruments & Gear, Pianos, Keyboards & Organs",sweethome456,16,New,"Altadena, California, United States",45.41,https://i.ebayimg.com/images/g/d7IAAOSwaspe8Jep/s-l300.jpg,"'PayPal', 'Visa', 'Master Card', 'Amex', 'Discover', 'PayPal Credit'",https://www.ebay.com/itm/61-Key-Digital-Music-Piano-Keyboard-Portable-Electronic-Musical-Instrument/272393514433?epid=1692784401&_trkparms=ispr%3D1&hash=item3f6beb2dc1:g:akoAAOSwcrJd3UfJ&enc=AQAFAAACYBaobrjLl8XobRIiIML1V4Imu%2Fn%2BzU5L90Z278x5ickkY3FSd4Ad8xn3oRtkVexxrJucFFT6GoaO0xJIwIvxefcwj5BrZ7wd4%2FPVkjTOOS0bnY6PZIDuQfAgtAqRmgYK0Mwgq22ovlsliGavOqp19L2vz9NDlNcwJ56%2FB0vJwYr9AAY4woCkylzlWGpEBzbQkLmOjWTUn0VbNN3pDHi1ESDKd2NOuIk8uCuDqCcdSx3LwQvvJeygPxHh5%2FKm5paVP0i641AU2RzTSPAGI7Nk2SUGO5U66PpB0mirD%2B%2FmvAWYcgTTsrsA62N51jzIVMUKn5tkCXdJCzqbSRw46SfPaV0okkjlVmChKvLgbds5FwnpmNMerLarF63NSDTVbepGbLiFaO485NNk6tjbxO9Q8lr5aIPJSt59CjLKAMgsIzOSRXmJGPNaz5dPgWYiMr7wXacVWj%2Fu%2FXKKx40JGLsv4KsWqlnAEcfYv4kDf0ToSepzdYcq7YXmy1I8ne5fCSmLB69w%2FP1yaHAkbE39Uj1OdH7MmEQImLnf2uloQ8jDf00wZNzC2N3mJt7Ks4vnJkODHJKZ70FZEX6sRZ5yCAC3diiGM2jOz6CzaO8mQ3m6VueG9LfJUwrNrptBnICMQtHtCNU7q%2FOzLwjua0ioPeOZOhOhILIvMhtS8uaCUDcdhziFhX0caIWDhMiIu%2FbSD%2B2hWZHSXiW95BiBSsrL5WwatBWGXlEZgDnWzv7BFioxWxwTWrYQcYc8E8R1QiJcQ6KgzmGi6r3hiQwjyIAZMCOyAw230N%2ByFDRxaojNslDSTBg3&checksum=27239351443365023520f4fc4d9bb2d309cb4f805e91,,,Sjv8592958,
47,piano,88 Key Digital Keyoard Piano W Stand Set Semi Weighted Keys Sustain Pedal Music,174318753377,Unbranded,"Musical Instruments & Gear, Pianos, Keyboards & Organs",shhproductions,3,New,"Multiple Locations, United States",314.14,https://i.ebayimg.com/images/g/ZFkAAOSwXN5e6LsV/s-l300.jpg,"'PayPal', 'Visa', 'Master Card', 'Amex', 'Discover', 'PayPal Credit'",https://www.ebay.com/itm/61-Key-Digital-Music-Piano-Keyboard-Portable-Electronic-Musical-Instrument/272393514433?epid=1692784401&_trkparms=ispr%3D1&hash=item3f6beb2dc1:g:akoAAOSwcrJd3UfJ&enc=AQAFAAACYBaobrjLl8XobRIiIML1V4Imu%2Fn%2BzU5L90Z278x5ickkY3FSd4Ad8xn3oRtkVexxrJucFFT6GoaO0xJIwIvxefcwj5BrZ7wd4%2FPVkjTOOS0bnY6PZIDuQfAgtAqRmgYK0Mwgq22ovlsliGavOqp19L2vz9NDlNcwJ56%2FB0vJwYr9AAY4woCkylzlWGpEBzbQkLmOjWTUn0VbNN3pDHi1ESDKd2NOuIk8uCuDqCcdSx3LwQvvJeygPxHh5%2FKm5paVP0i641AU2RzTSPAGI7Nk2SUGO5U66PpB0mirD%2B%2FmvAWYcgTTsrsA62N51jzIVMUKn5tkCXdJCzqbSRw46SfPaV0okkjlVmChKvLgbds5FwnpmNMerLarF63NSDTVbepGbLiFaO485NNk6tjbxO9Q8lr5aIPJSt59CjLKAMgsIzOSRXmJGPNaz5dPgWYiMr7wXacVWj%2Fu%2FXKKx40JGLsv4KsWqlnAEcfYv4kDf0ToSepzdYcq7YXmy1I8ne5fCSmLB69w%2FP1yaHAkbE39Uj1OdH7MmEQImLnf2uloQ8jDf00wZNzC2N3mJt7Ks4vnJkODHJKZ70FZEX6sRZ5yCAC3diiGM2jOz6CzaO8mQ3m6VueG9LfJUwrNrptBnICMQtHtCNU7q%2FOzLwjua0ioPeOZOhOhILIvMhtS8uaCUDcdhziFhX0caIWDhMiIu%2FbSD%2B2hWZHSXiW95BiBSsrL5WwatBWGXlEZgDnWzv7BFioxWxwTWrYQcYc8E8R1QiJcQ6KgzmGi6r3hiQwjyIAZMCOyAw230N%2ByFDRxaojNslDSTBg3&checksum=27239351443365023520f4fc4d9bb2d309cb4f805e91,,,,
48,piano,61 Keys Full Size Electronic Digital Piano Keyoard  w/ Music Stand & Microphone,303615496503,Unbranded,"Musical Instruments & Gear, Pianos, Keyboards & Organs",muchuy-outlet,,New,"Kenilworth, New Jersey, United States",39.99,https://i.ebayimg.com/images/g/L78AAOSwQbFeyIn9/s-l300.jpg,"'PayPal', 'Visa', 'Master Card', 'Amex', 'Discover', 'PayPal Credit'",https://www.ebay.com/itm/61-Key-Digital-Music-Piano-Keyboard-Portable-Electronic-Musical-Instrument/272393514433?epid=1692784401&_trkparms=ispr%3D1&hash=item3f6beb2dc1:g:akoAAOSwcrJd3UfJ&enc=AQAFAAACYBaobrjLl8XobRIiIML1V4Imu%2Fn%2BzU5L90Z278x5ickkY3FSd4Ad8xn3oRtkVexxrJucFFT6GoaO0xJIwIvxefcwj5BrZ7wd4%2FPVkjTOOS0bnY6PZIDuQfAgtAqRmgYK0Mwgq22ovlsliGavOqp19L2vz9NDlNcwJ56%2FB0vJwYr9AAY4woCkylzlWGpEBzbQkLmOjWTUn0VbNN3pDHi1ESDKd2NOuIk8uCuDqCcdSx3LwQvvJeygPxHh5%2FKm5paVP0i641AU2RzTSPAGI7Nk2SUGO5U66PpB0mirD%2B%2FmvAWYcgTTsrsA62N51jzIVMUKn5tkCXdJCzqbSRw46SfPaV0okkjlVmChKvLgbds5FwnpmNMerLarF63NSDTVbepGbLiFaO485NNk6tjbxO9Q8lr5aIPJSt59CjLKAMgsIzOSRXmJGPNaz5dPgWYiMr7wXacVWj%2Fu%2FXKKx40JGLsv4KsWqlnAEcfYv4kDf0ToSepzdYcq7YXmy1I8ne5fCSmLB69w%2FP1yaHAkbE39Uj1OdH7MmEQImLnf2uloQ8jDf00wZNzC2N3mJt7Ks4vnJkODHJKZ70FZEX6sRZ5yCAC3diiGM2jOz6CzaO8mQ3m6VueG9LfJUwrNrptBnICMQtHtCNU7q%2FOzLwjua0ioPeOZOhOhILIvMhtS8uaCUDcdhziFhX0caIWDhMiIu%2FbSD%2B2hWZHSXiW95BiBSsrL5WwatBWGXlEZgDnWzv7BFioxWxwTWrYQcYc8E8R1QiJcQ6KgzmGi6r3hiQwjyIAZMCOyAw230N%2ByFDRxaojNslDSTBg3&checksum=27239351443365023520f4fc4d9bb2d309cb4f805e91,600685562710,600685562710,,
49,piano,54 Key Digital Music Piano Keyoard Portale Musical Instrument w/ Microphone US,273571392795,Unbranded,"Toys & Hobbies, Educational, Music & Art, Musical Instruments & Gear, Pianos, Keyboards & Organs",muchuy-outlet,170,New,"Kenilworth, New Jersey, United States",9.99,https://i.ebayimg.com/images/g/-CYAAOSwl7db9Mlo/s-l300.jpg,"'PayPal', 'Visa', 'Master Card', 'Amex', 'Discover', 'PayPal Credit'",https://www.ebay.com/itm/61-Key-Digital-Music-Piano-Keyboard-Portable-Electronic-Musical-Instrument/272393514433?epid=1692784401&_trkparms=ispr%3D1&hash=item3f6beb2dc1:g:akoAAOSwcrJd3UfJ&enc=AQAFAAACYBaobrjLl8XobRIiIML1V4Imu%2Fn%2BzU5L90Z278x5ickkY3FSd4Ad8xn3oRtkVexxrJucFFT6GoaO0xJIwIvxefcwj5BrZ7wd4%2FPVkjTOOS0bnY6PZIDuQfAgtAqRmgYK0Mwgq22ovlsliGavOqp19L2vz9NDlNcwJ56%2FB0vJwYr9AAY4woCkylzlWGpEBzbQkLmOjWTUn0VbNN3pDHi1ESDKd2NOuIk8uCuDqCcdSx3LwQvvJeygPxHh5%2FKm5paVP0i641AU2RzTSPAGI7Nk2SUGO5U66PpB0mirD%2B%2FmvAWYcgTTsrsA62N51jzIVMUKn5tkCXdJCzqbSRw46SfPaV0okkjlVmChKvLgbds5FwnpmNMerLarF63NSDTVbepGbLiFaO485NNk6tjbxO9Q8lr5aIPJSt59CjLKAMgsIzOSRXmJGPNaz5dPgWYiMr7wXacVWj%2Fu%2FXKKx40JGLsv4KsWqlnAEcfYv4kDf0ToSepzdYcq7YXmy1I8ne5fCSmLB69w%2FP1yaHAkbE39Uj1OdH7MmEQImLnf2uloQ8jDf00wZNzC2N3mJt7Ks4vnJkODHJKZ70FZEX6sRZ5yCAC3diiGM2jOz6CzaO8mQ3m6VueG9LfJUwrNrptBnICMQtHtCNU7q%2FOzLwjua0ioPeOZOhOhILIvMhtS8uaCUDcdhziFhX0caIWDhMiIu%2FbSD%2B2hWZHSXiW95BiBSsrL5WwatBWGXlEZgDnWzv7BFioxWxwTWrYQcYc8E8R1QiJcQ6KgzmGi6r3hiQwjyIAZMCOyAw230N%2ByFDRxaojNslDSTBg3&checksum=27239351443365023520f4fc4d9bb2d309cb4f805e91,,,,
50,piano,BX-? 88 Key Digital Piano MIDI Keyoard w/Bluetooth,303555081876,Unbrand,"Musical Instruments & Gear, Pianos, Keyboards & Organs, Pianos",mfgwholesaler,29,New,"Fontana, California, United States",169.99,https://i.ebayimg.com/images/g/NhMAAOSwFLpe8ea9/s-l300.jpg,"'PayPal', 'Visa', 'Master Card', 'Amex', 'Discover', 'PayPal Credit'",https://www.ebay.com/itm/61-Key-Digital-Music-Piano-Keyboard-Portable-Electronic-Musical-Instrument/272393514433?epid=1692784401&_trkparms=ispr%3D1&hash=item3f6beb2dc1:g:akoAAOSwcrJd3UfJ&enc=AQAFAAACYBaobrjLl8XobRIiIML1V4Imu%2Fn%2BzU5L90Z278x5ickkY3FSd4Ad8xn3oRtkVexxrJucFFT6GoaO0xJIwIvxefcwj5BrZ7wd4%2FPVkjTOOS0bnY6PZIDuQfAgtAqRmgYK0Mwgq22ovlsliGavOqp19L2vz9NDlNcwJ56%2FB0vJwYr9AAY4woCkylzlWGpEBzbQkLmOjWTUn0VbNN3pDHi1ESDKd2NOuIk8uCuDqCcdSx3LwQvvJeygPxHh5%2FKm5paVP0i641AU2RzTSPAGI7Nk2SUGO5U66PpB0mirD%2B%2FmvAWYcgTTsrsA62N51jzIVMUKn5tkCXdJCzqbSRw46SfPaV0okkjlVmChKvLgbds5FwnpmNMerLarF63NSDTVbepGbLiFaO485NNk6tjbxO9Q8lr5aIPJSt59CjLKAMgsIzOSRXmJGPNaz5dPgWYiMr7wXacVWj%2Fu%2FXKKx40JGLsv4KsWqlnAEcfYv4kDf0ToSepzdYcq7YXmy1I8ne5fCSmLB69w%2FP1yaHAkbE39Uj1OdH7MmEQImLnf2uloQ8jDf00wZNzC2N3mJt7Ks4vnJkODHJKZ70FZEX6sRZ5yCAC3diiGM2jOz6CzaO8mQ3m6VueG9LfJUwrNrptBnICMQtHtCNU7q%2FOzLwjua0ioPeOZOhOhILIvMhtS8uaCUDcdhziFhX0caIWDhMiIu%2FbSD%2B2hWZHSXiW95BiBSsrL5WwatBWGXlEZgDnWzv7BFioxWxwTWrYQcYc8E8R1QiJcQ6KgzmGi6r3hiQwjyIAZMCOyAw230N%2ByFDRxaojNslDSTBg3&checksum=27239351443365023520f4fc4d9bb2d309cb4f805e91,,,GYM04255,
51,piano,Electric Digital 88 Key LCD Display Piano Keyoard W/Stand+Adapter+3-Pedal Board,264492613360,mecor,"Musical Instruments & Gear, Pianos, Keyboards & Organs",mecor2014,43,New,"Los Angeles, United States",336.99,https://i.ebayimg.com/images/g/91QAAOSwqgFdnU4O/s-l300.jpg,"'PayPal', 'Visa', 'Master Card', 'Amex', 'Discover', 'PayPal Credit'",https://www.ebay.com/itm/61-Key-Digital-Music-Piano-Keyboard-Portable-Electronic-Musical-Instrument/272393514433?epid=1692784401&_trkparms=ispr%3D1&hash=item3f6beb2dc1:g:akoAAOSwcrJd3UfJ&enc=AQAFAAACYBaobrjLl8XobRIiIML1V4Imu%2Fn%2BzU5L90Z278x5ickkY3FSd4Ad8xn3oRtkVexxrJucFFT6GoaO0xJIwIvxefcwj5BrZ7wd4%2FPVkjTOOS0bnY6PZIDuQfAgtAqRmgYK0Mwgq22ovlsliGavOqp19L2vz9NDlNcwJ56%2FB0vJwYr9AAY4woCkylzlWGpEBzbQkLmOjWTUn0VbNN3pDHi1ESDKd2NOuIk8uCuDqCcdSx3LwQvvJeygPxHh5%2FKm5paVP0i641AU2RzTSPAGI7Nk2SUGO5U66PpB0mirD%2B%2FmvAWYcgTTsrsA62N51jzIVMUKn5tkCXdJCzqbSRw46SfPaV0okkjlVmChKvLgbds5FwnpmNMerLarF63NSDTVbepGbLiFaO485NNk6tjbxO9Q8lr5aIPJSt59CjLKAMgsIzOSRXmJGPNaz5dPgWYiMr7wXacVWj%2Fu%2FXKKx40JGLsv4KsWqlnAEcfYv4kDf0ToSepzdYcq7YXmy1I8ne5fCSmLB69w%2FP1yaHAkbE39Uj1OdH7MmEQImLnf2uloQ8jDf00wZNzC2N3mJt7Ks4vnJkODHJKZ70FZEX6sRZ5yCAC3diiGM2jOz6CzaO8mQ3m6VueG9LfJUwrNrptBnICMQtHtCNU7q%2FOzLwjua0ioPeOZOhOhILIvMhtS8uaCUDcdhziFhX0caIWDhMiIu%2FbSD%2B2hWZHSXiW95BiBSsrL5WwatBWGXlEZgDnWzv7BFioxWxwTWrYQcYc8E8R1QiJcQ6KgzmGi6r3hiQwjyIAZMCOyAw230N%2ByFDRxaojNslDSTBg3&checksum=27239351443365023520f4fc4d9bb2d309cb4f805e91,644925691686,644925691686,6010200900mecor,
52,piano,61 Key  Electronic Music Keyoard Electric Digital Piano Organ w/Microphone,383282177208,Uenjoy,"Musical Instruments & Gear, Pianos, Keyboards & Organs",mecor2014,7,New,"Los Angeles, United States",52.99,https://i.ebayimg.com/images/g/f9AAAOSw3tZfBsB8/s-l300.jpg,"'PayPal', 'Visa', 'Master Card', 'Amex', 'Discover', 'PayPal Credit'",https://www.ebay.com/itm/61-Key-Digital-Music-Piano-Keyboard-Portable-Electronic-Musical-Instrument/272393514433?epid=1692784401&_trkparms=ispr%3D1&hash=item3f6beb2dc1:g:akoAAOSwcrJd3UfJ&enc=AQAFAAACYBaobrjLl8XobRIiIML1V4Imu%2Fn%2BzU5L90Z278x5ickkY3FSd4Ad8xn3oRtkVexxrJucFFT6GoaO0xJIwIvxefcwj5BrZ7wd4%2FPVkjTOOS0bnY6PZIDuQfAgtAqRmgYK0Mwgq22ovlsliGavOqp19L2vz9NDlNcwJ56%2FB0vJwYr9AAY4woCkylzlWGpEBzbQkLmOjWTUn0VbNN3pDHi1ESDKd2NOuIk8uCuDqCcdSx3LwQvvJeygPxHh5%2FKm5paVP0i641AU2RzTSPAGI7Nk2SUGO5U66PpB0mirD%2B%2FmvAWYcgTTsrsA62N51jzIVMUKn5tkCXdJCzqbSRw46SfPaV0okkjlVmChKvLgbds5FwnpmNMerLarF63NSDTVbepGbLiFaO485NNk6tjbxO9Q8lr5aIPJSt59CjLKAMgsIzOSRXmJGPNaz5dPgWYiMr7wXacVWj%2Fu%2FXKKx40JGLsv4KsWqlnAEcfYv4kDf0ToSepzdYcq7YXmy1I8ne5fCSmLB69w%2FP1yaHAkbE39Uj1OdH7MmEQImLnf2uloQ8jDf00wZNzC2N3mJt7Ks4vnJkODHJKZ70FZEX6sRZ5yCAC3diiGM2jOz6CzaO8mQ3m6VueG9LfJUwrNrptBnICMQtHtCNU7q%2FOzLwjua0ioPeOZOhOhILIvMhtS8uaCUDcdhziFhX0caIWDhMiIu%2FbSD%2B2hWZHSXiW95BiBSsrL5WwatBWGXlEZgDnWzv7BFioxWxwTWrYQcYc8E8R1QiJcQ6KgzmGi6r3hiQwjyIAZMCOyAw230N%2ByFDRxaojNslDSTBg3&checksum=27239351443365023520f4fc4d9bb2d309cb4f805e91,604220808981,604220808981,6010200300mecor,
53,piano,88 Key Portale Digital Piano Kids Play Gift MIDI Keyoard Weighted Key w/Pedal,203038252304,unbrand,"Musical Instruments & Gear, Pianos, Keyboards & Organs, Pianos",toolsempire,1,New,"Fontana, California, United States",149.59,https://i.ebayimg.com/images/g/KIcAAOSwf2Fe~pKk/s-l300.jpg,"'PayPal', 'Visa', 'Master Card', 'Amex', 'Discover', 'PayPal Credit'",https://www.ebay.com/itm/61-Key-Digital-Music-Piano-Keyboard-Portable-Electronic-Musical-Instrument/272393514433?epid=1692784401&_trkparms=ispr%3D1&hash=item3f6beb2dc1:g:akoAAOSwcrJd3UfJ&enc=AQAFAAACYBaobrjLl8XobRIiIML1V4Imu%2Fn%2BzU5L90Z278x5ickkY3FSd4Ad8xn3oRtkVexxrJucFFT6GoaO0xJIwIvxefcwj5BrZ7wd4%2FPVkjTOOS0bnY6PZIDuQfAgtAqRmgYK0Mwgq22ovlsliGavOqp19L2vz9NDlNcwJ56%2FB0vJwYr9AAY4woCkylzlWGpEBzbQkLmOjWTUn0VbNN3pDHi1ESDKd2NOuIk8uCuDqCcdSx3LwQvvJeygPxHh5%2FKm5paVP0i641AU2RzTSPAGI7Nk2SUGO5U66PpB0mirD%2B%2FmvAWYcgTTsrsA62N51jzIVMUKn5tkCXdJCzqbSRw46SfPaV0okkjlVmChKvLgbds5FwnpmNMerLarF63NSDTVbepGbLiFaO485NNk6tjbxO9Q8lr5aIPJSt59CjLKAMgsIzOSRXmJGPNaz5dPgWYiMr7wXacVWj%2Fu%2FXKKx40JGLsv4KsWqlnAEcfYv4kDf0ToSepzdYcq7YXmy1I8ne5fCSmLB69w%2FP1yaHAkbE39Uj1OdH7MmEQImLnf2uloQ8jDf00wZNzC2N3mJt7Ks4vnJkODHJKZ70FZEX6sRZ5yCAC3diiGM2jOz6CzaO8mQ3m6VueG9LfJUwrNrptBnICMQtHtCNU7q%2FOzLwjua0ioPeOZOhOhILIvMhtS8uaCUDcdhziFhX0caIWDhMiIu%2FbSD%2B2hWZHSXiW95BiBSsrL5WwatBWGXlEZgDnWzv7BFioxWxwTWrYQcYc8E8R1QiJcQ6KgzmGi6r3hiQwjyIAZMCOyAw230N%2ByFDRxaojNslDSTBg3&checksum=27239351443365023520f4fc4d9bb2d309cb4f805e91,,,TY579535WH-DT,
54,piano,OPEN BOX - 61 Key Electronic Piano Electric Organ Keyoard w/ Microphone - Black,333647099685,Hamzer,"Musical Instruments & Gear, Pianos, Keyboards & Organs",nexuswholesale,,Used,"Fort Lauderdale, FL, United States",39.00,https://i.ebayimg.com/images/g/1HYAAOSwlepe6AGb/s-l300.jpg,"'PayPal', 'Google Pay', 'Visa', 'Master Card', 'Amex', 'Discover', 'PayPal Credit'",https://www.ebay.com/itm/61-Key-Digital-Music-Piano-Keyboard-Portable-Electronic-Musical-Instrument/272393514433?epid=1692784401&_trkparms=ispr%3D1&hash=item3f6beb2dc1:g:akoAAOSwcrJd3UfJ&enc=AQAFAAACYBaobrjLl8XobRIiIML1V4Imu%2Fn%2BzU5L90Z278x5ickkY3FSd4Ad8xn3oRtkVexxrJucFFT6GoaO0xJIwIvxefcwj5BrZ7wd4%2FPVkjTOOS0bnY6PZIDuQfAgtAqRmgYK0Mwgq22ovlsliGavOqp19L2vz9NDlNcwJ56%2FB0vJwYr9AAY4woCkylzlWGpEBzbQkLmOjWTUn0VbNN3pDHi1ESDKd2NOuIk8uCuDqCcdSx3LwQvvJeygPxHh5%2FKm5paVP0i641AU2RzTSPAGI7Nk2SUGO5U66PpB0mirD%2B%2FmvAWYcgTTsrsA62N51jzIVMUKn5tkCXdJCzqbSRw46SfPaV0okkjlVmChKvLgbds5FwnpmNMerLarF63NSDTVbepGbLiFaO485NNk6tjbxO9Q8lr5aIPJSt59CjLKAMgsIzOSRXmJGPNaz5dPgWYiMr7wXacVWj%2Fu%2FXKKx40JGLsv4KsWqlnAEcfYv4kDf0ToSepzdYcq7YXmy1I8ne5fCSmLB69w%2FP1yaHAkbE39Uj1OdH7MmEQImLnf2uloQ8jDf00wZNzC2N3mJt7Ks4vnJkODHJKZ70FZEX6sRZ5yCAC3diiGM2jOz6CzaO8mQ3m6VueG9LfJUwrNrptBnICMQtHtCNU7q%2FOzLwjua0ioPeOZOhOhILIvMhtS8uaCUDcdhziFhX0caIWDhMiIu%2FbSD%2B2hWZHSXiW95BiBSsrL5WwatBWGXlEZgDnWzv7BFioxWxwTWrYQcYc8E8R1QiJcQ6KgzmGi6r3hiQwjyIAZMCOyAw230N%2ByFDRxaojNslDSTBg3&checksum=27239351443365023520f4fc4d9bb2d309cb4f805e91,,,,
55,piano,vidaXL Classic Electronic Digital Piano w/ 88 Keys & Music Stand Keyoard,252402457456,vidaXL,"Musical Instruments & Gear, Pianos, Keyboards & Organs, Electronic Keyboards",vidaxl-us,826,New,"Rancho Cucamonga, California, United States",376.99,https://i.ebayimg.com/images/g/~uYAAOSwHrVaj7EO/s-l300.jpg,"'PayPal', 'Visa', 'Master Card', 'Amex', 'Discover', 'PayPal Credit'",https://www.ebay.com/itm/61-Key-Digital-Music-Piano-Keyboard-Portable-Electronic-Musical-Instrument/272393514433?epid=1692784401&_trkparms=ispr%3D1&hash=item3f6beb2dc1:g:akoAAOSwcrJd3UfJ&enc=AQAFAAACYBaobrjLl8XobRIiIML1V4Imu%2Fn%2BzU5L90Z278x5ickkY3FSd4Ad8xn3oRtkVexxrJucFFT6GoaO0xJIwIvxefcwj5BrZ7wd4%2FPVkjTOOS0bnY6PZIDuQfAgtAqRmgYK0Mwgq22ovlsliGavOqp19L2vz9NDlNcwJ56%2FB0vJwYr9AAY4woCkylzlWGpEBzbQkLmOjWTUn0VbNN3pDHi1ESDKd2NOuIk8uCuDqCcdSx3LwQvvJeygPxHh5%2FKm5paVP0i641AU2RzTSPAGI7Nk2SUGO5U66PpB0mirD%2B%2FmvAWYcgTTsrsA62N51jzIVMUKn5tkCXdJCzqbSRw46SfPaV0okkjlVmChKvLgbds5FwnpmNMerLarF63NSDTVbepGbLiFaO485NNk6tjbxO9Q8lr5aIPJSt59CjLKAMgsIzOSRXmJGPNaz5dPgWYiMr7wXacVWj%2Fu%2FXKKx40JGLsv4KsWqlnAEcfYv4kDf0ToSepzdYcq7YXmy1I8ne5fCSmLB69w%2FP1yaHAkbE39Uj1OdH7MmEQImLnf2uloQ8jDf00wZNzC2N3mJt7Ks4vnJkODHJKZ70FZEX6sRZ5yCAC3diiGM2jOz6CzaO8mQ3m6VueG9LfJUwrNrptBnICMQtHtCNU7q%2FOzLwjua0ioPeOZOhOhILIvMhtS8uaCUDcdhziFhX0caIWDhMiIu%2FbSD%2B2hWZHSXiW95BiBSsrL5WwatBWGXlEZgDnWzv7BFioxWxwTWrYQcYc8E8R1QiJcQ6KgzmGi6r3hiQwjyIAZMCOyAw230N%2ByFDRxaojNslDSTBg3&checksum=27239351443365023520f4fc4d9bb2d309cb4f805e91,8718475927273,8718475927273,70042,
56,piano,61 Keys Digital Midi Electronic Portale Keyoard Piano Midi Music,121279152335,AX,"Musical Instruments & Gear, Pianos, Keyboards & Organs, Electronic Keyboards",accxpress,172,New,"WA, United States, United States",37.99,https://i.ebayimg.com/images/g/hGQAAOSwQTle57dm/s-l300.jpg,"'PayPal', 'Visa', 'Master Card', 'Amex', 'Discover', 'PayPal Credit'",https://www.ebay.com/itm/61-Key-Digital-Music-Piano-Keyboard-Portable-Electronic-Musical-Instrument/272393514433?epid=1692784401&_trkparms=ispr%3D1&hash=item3f6beb2dc1:g:akoAAOSwcrJd3UfJ&enc=AQAFAAACYBaobrjLl8XobRIiIML1V4Imu%2Fn%2BzU5L90Z278x5ickkY3FSd4Ad8xn3oRtkVexxrJucFFT6GoaO0xJIwIvxefcwj5BrZ7wd4%2FPVkjTOOS0bnY6PZIDuQfAgtAqRmgYK0Mwgq22ovlsliGavOqp19L2vz9NDlNcwJ56%2FB0vJwYr9AAY4woCkylzlWGpEBzbQkLmOjWTUn0VbNN3pDHi1ESDKd2NOuIk8uCuDqCcdSx3LwQvvJeygPxHh5%2FKm5paVP0i641AU2RzTSPAGI7Nk2SUGO5U66PpB0mirD%2B%2FmvAWYcgTTsrsA62N51jzIVMUKn5tkCXdJCzqbSRw46SfPaV0okkjlVmChKvLgbds5FwnpmNMerLarF63NSDTVbepGbLiFaO485NNk6tjbxO9Q8lr5aIPJSt59CjLKAMgsIzOSRXmJGPNaz5dPgWYiMr7wXacVWj%2Fu%2FXKKx40JGLsv4KsWqlnAEcfYv4kDf0ToSepzdYcq7YXmy1I8ne5fCSmLB69w%2FP1yaHAkbE39Uj1OdH7MmEQImLnf2uloQ8jDf00wZNzC2N3mJt7Ks4vnJkODHJKZ70FZEX6sRZ5yCAC3diiGM2jOz6CzaO8mQ3m6VueG9LfJUwrNrptBnICMQtHtCNU7q%2FOzLwjua0ioPeOZOhOhILIvMhtS8uaCUDcdhziFhX0caIWDhMiIu%2FbSD%2B2hWZHSXiW95BiBSsrL5WwatBWGXlEZgDnWzv7BFioxWxwTWrYQcYc8E8R1QiJcQ6KgzmGi6r3hiQwjyIAZMCOyAw230N%2ByFDRxaojNslDSTBg3&checksum=27239351443365023520f4fc4d9bb2d309cb4f805e91,044276884865,044276884865,M-KEYBOARD,
57,piano,88 Key Electric Weighted Digital LCD Display Piano Keyoard 3 Pedals+Stand White,184224070318,salestationusa,"Musical Instruments & Gear, Pianos, Keyboards & Organs, Pianos, Digital Pianos, Musical Instruments & Gear, Pianos, Keyboards & Organs",salestationusa,12,New,"Port Reading, New Jersey, United States",425.99,https://i.ebayimg.com/images/g/thIAAOSwX9VeeaFC/s-l300.jpg,"'PayPal', 'Visa', 'Master Card', 'Amex', 'Discover', 'PayPal Credit'",https://www.ebay.com/itm/61-Key-Digital-Music-Piano-Keyboard-Portable-Electronic-Musical-Instrument/272393514433?epid=1692784401&_trkparms=ispr%3D1&hash=item3f6beb2dc1:g:akoAAOSwcrJd3UfJ&enc=AQAFAAACYBaobrjLl8XobRIiIML1V4Imu%2Fn%2BzU5L90Z278x5ickkY3FSd4Ad8xn3oRtkVexxrJucFFT6GoaO0xJIwIvxefcwj5BrZ7wd4%2FPVkjTOOS0bnY6PZIDuQfAgtAqRmgYK0Mwgq22ovlsliGavOqp19L2vz9NDlNcwJ56%2FB0vJwYr9AAY4woCkylzlWGpEBzbQkLmOjWTUn0VbNN3pDHi1ESDKd2NOuIk8uCuDqCcdSx3LwQvvJeygPxHh5%2FKm5paVP0i641AU2RzTSPAGI7Nk2SUGO5U66PpB0mirD%2B%2FmvAWYcgTTsrsA62N51jzIVMUKn5tkCXdJCzqbSRw46SfPaV0okkjlVmChKvLgbds5FwnpmNMerLarF63NSDTVbepGbLiFaO485NNk6tjbxO9Q8lr5aIPJSt59CjLKAMgsIzOSRXmJGPNaz5dPgWYiMr7wXacVWj%2Fu%2FXKKx40JGLsv4KsWqlnAEcfYv4kDf0ToSepzdYcq7YXmy1I8ne5fCSmLB69w%2FP1yaHAkbE39Uj1OdH7MmEQImLnf2uloQ8jDf00wZNzC2N3mJt7Ks4vnJkODHJKZ70FZEX6sRZ5yCAC3diiGM2jOz6CzaO8mQ3m6VueG9LfJUwrNrptBnICMQtHtCNU7q%2FOzLwjua0ioPeOZOhOhILIvMhtS8uaCUDcdhziFhX0caIWDhMiIu%2FbSD%2B2hWZHSXiW95BiBSsrL5WwatBWGXlEZgDnWzv7BFioxWxwTWrYQcYc8E8R1QiJcQ6KgzmGi6r3hiQwjyIAZMCOyAw230N%2ByFDRxaojNslDSTBg3&checksum=27239351443365023520f4fc4d9bb2d309cb4f805e91,604220833501,604220833501,6010205200USA,
58,piano,Full Size 61 Keys LED Electronic Keyoard Digital Music Piano w/ Microphone USA,373022661282,Unbranded,"Musical Instruments & Gear, Pianos, Keyboards & Organs, Electronic Keyboards, Toys & Hobbies, Educational",gzlesun,3,New,"Kenilworth, New Jersey, United States",57.99,https://i.ebayimg.com/images/g/CbgAAOSws4Nel9Si/s-l300.jpg,"'PayPal', 'Visa', 'Master Card', 'Amex', 'Discover', 'PayPal Credit'",https://www.ebay.com/itm/61-Key-Digital-Music-Piano-Keyboard-Portable-Electronic-Musical-Instrument/272393514433?epid=1692784401&_trkparms=ispr%3D1&hash=item3f6beb2dc1:g:akoAAOSwcrJd3UfJ&enc=AQAFAAACYBaobrjLl8XobRIiIML1V4Imu%2Fn%2BzU5L90Z278x5ickkY3FSd4Ad8xn3oRtkVexxrJucFFT6GoaO0xJIwIvxefcwj5BrZ7wd4%2FPVkjTOOS0bnY6PZIDuQfAgtAqRmgYK0Mwgq22ovlsliGavOqp19L2vz9NDlNcwJ56%2FB0vJwYr9AAY4woCkylzlWGpEBzbQkLmOjWTUn0VbNN3pDHi1ESDKd2NOuIk8uCuDqCcdSx3LwQvvJeygPxHh5%2FKm5paVP0i641AU2RzTSPAGI7Nk2SUGO5U66PpB0mirD%2B%2FmvAWYcgTTsrsA62N51jzIVMUKn5tkCXdJCzqbSRw46SfPaV0okkjlVmChKvLgbds5FwnpmNMerLarF63NSDTVbepGbLiFaO485NNk6tjbxO9Q8lr5aIPJSt59CjLKAMgsIzOSRXmJGPNaz5dPgWYiMr7wXacVWj%2Fu%2FXKKx40JGLsv4KsWqlnAEcfYv4kDf0ToSepzdYcq7YXmy1I8ne5fCSmLB69w%2FP1yaHAkbE39Uj1OdH7MmEQImLnf2uloQ8jDf00wZNzC2N3mJt7Ks4vnJkODHJKZ70FZEX6sRZ5yCAC3diiGM2jOz6CzaO8mQ3m6VueG9LfJUwrNrptBnICMQtHtCNU7q%2FOzLwjua0ioPeOZOhOhILIvMhtS8uaCUDcdhziFhX0caIWDhMiIu%2FbSD%2B2hWZHSXiW95BiBSsrL5WwatBWGXlEZgDnWzv7BFioxWxwTWrYQcYc8E8R1QiJcQ6KgzmGi6r3hiQwjyIAZMCOyAw230N%2ByFDRxaojNslDSTBg3&checksum=27239351443365023520f4fc4d9bb2d309cb4f805e91,,,,
59,piano,Yamaha PSR-15 Portale Piano Keyoard Vintage Made In Japan,184352405601,Yamaha,"Musical Instruments & Gear, Pianos, Keyboards & Organs",dealsrus52,,Used,"Holiday, Florida, United States",79.95,https://i.ebayimg.com/images/g/EdAAAOSwxRpfAMIE/s-l300.jpg,"'PayPal', 'Visa', 'Master Card', 'Amex', 'Discover', 'PayPal Credit'",https://www.ebay.com/itm/61-Key-Digital-Music-Piano-Keyboard-Portable-Electronic-Musical-Instrument/272393514433?epid=1692784401&_trkparms=ispr%3D1&hash=item3f6beb2dc1:g:akoAAOSwcrJd3UfJ&enc=AQAFAAACYBaobrjLl8XobRIiIML1V4Imu%2Fn%2BzU5L90Z278x5ickkY3FSd4Ad8xn3oRtkVexxrJucFFT6GoaO0xJIwIvxefcwj5BrZ7wd4%2FPVkjTOOS0bnY6PZIDuQfAgtAqRmgYK0Mwgq22ovlsliGavOqp19L2vz9NDlNcwJ56%2FB0vJwYr9AAY4woCkylzlWGpEBzbQkLmOjWTUn0VbNN3pDHi1ESDKd2NOuIk8uCuDqCcdSx3LwQvvJeygPxHh5%2FKm5paVP0i641AU2RzTSPAGI7Nk2SUGO5U66PpB0mirD%2B%2FmvAWYcgTTsrsA62N51jzIVMUKn5tkCXdJCzqbSRw46SfPaV0okkjlVmChKvLgbds5FwnpmNMerLarF63NSDTVbepGbLiFaO485NNk6tjbxO9Q8lr5aIPJSt59CjLKAMgsIzOSRXmJGPNaz5dPgWYiMr7wXacVWj%2Fu%2FXKKx40JGLsv4KsWqlnAEcfYv4kDf0ToSepzdYcq7YXmy1I8ne5fCSmLB69w%2FP1yaHAkbE39Uj1OdH7MmEQImLnf2uloQ8jDf00wZNzC2N3mJt7Ks4vnJkODHJKZ70FZEX6sRZ5yCAC3diiGM2jOz6CzaO8mQ3m6VueG9LfJUwrNrptBnICMQtHtCNU7q%2FOzLwjua0ioPeOZOhOhILIvMhtS8uaCUDcdhziFhX0caIWDhMiIu%2FbSD%2B2hWZHSXiW95BiBSsrL5WwatBWGXlEZgDnWzv7BFioxWxwTWrYQcYc8E8R1QiJcQ6KgzmGi6r3hiQwjyIAZMCOyAw230N%2ByFDRxaojNslDSTBg3&checksum=27239351443365023520f4fc4d9bb2d309cb4f805e91,,,,
60,piano,88 Key Roll Up Electronic Piano,133457954196,,"Musical Instruments & Gear, Pianos, Keyboards & Organs",iglar4,100%positivefeedback,Used,"Alexandria, Virginia, United States",35.00,https://i.ebayimg.com/images/g/hr4AAOSweaJfAmZw/s-l300.jpg,"'PayPal', 'Visa', 'Master Card', 'Amex', 'Discover', 'PayPal Credit'",https://www.ebay.com/itm/61-Key-Digital-Music-Piano-Keyboard-Portable-Electronic-Musical-Instrument/272393514433?epid=1692784401&_trkparms=ispr%3D1&hash=item3f6beb2dc1:g:akoAAOSwcrJd3UfJ&enc=AQAFAAACYBaobrjLl8XobRIiIML1V4Imu%2Fn%2BzU5L90Z278x5ickkY3FSd4Ad8xn3oRtkVexxrJucFFT6GoaO0xJIwIvxefcwj5BrZ7wd4%2FPVkjTOOS0bnY6PZIDuQfAgtAqRmgYK0Mwgq22ovlsliGavOqp19L2vz9NDlNcwJ56%2FB0vJwYr9AAY4woCkylzlWGpEBzbQkLmOjWTUn0VbNN3pDHi1ESDKd2NOuIk8uCuDqCcdSx3LwQvvJeygPxHh5%2FKm5paVP0i641AU2RzTSPAGI7Nk2SUGO5U66PpB0mirD%2B%2FmvAWYcgTTsrsA62N51jzIVMUKn5tkCXdJCzqbSRw46SfPaV0okkjlVmChKvLgbds5FwnpmNMerLarF63NSDTVbepGbLiFaO485NNk6tjbxO9Q8lr5aIPJSt59CjLKAMgsIzOSRXmJGPNaz5dPgWYiMr7wXacVWj%2Fu%2FXKKx40JGLsv4KsWqlnAEcfYv4kDf0ToSepzdYcq7YXmy1I8ne5fCSmLB69w%2FP1yaHAkbE39Uj1OdH7MmEQImLnf2uloQ8jDf00wZNzC2N3mJt7Ks4vnJkODHJKZ70FZEX6sRZ5yCAC3diiGM2jOz6CzaO8mQ3m6VueG9LfJUwrNrptBnICMQtHtCNU7q%2FOzLwjua0ioPeOZOhOhILIvMhtS8uaCUDcdhziFhX0caIWDhMiIu%2FbSD%2B2hWZHSXiW95BiBSsrL5WwatBWGXlEZgDnWzv7BFioxWxwTWrYQcYc8E8R1QiJcQ6KgzmGi6r3hiQwjyIAZMCOyAw230N%2ByFDRxaojNslDSTBg3&checksum=27239351443365023520f4fc4d9bb2d309cb4f805e91,,,,
61,piano,"Alesis, 88-Key Player Piano Stand (Coda Stand) *NEW*",174279864957,Alesis,"Musical Instruments & Gear, Pianos, Keyboards & Organs, Pianos, Digital Pianos",fanningsonline,1,Open box,"Taylors, South Carolina, United States",99.95,https://i.ebayimg.com/images/g/XQkAAOSwTqBeubBL/s-l300.jpg,"'PayPal', 'Visa', 'Master Card', 'Amex', 'Discover', 'PayPal Credit'",https://www.ebay.com/itm/61-Key-Digital-Music-Piano-Keyboard-Portable-Electronic-Musical-Instrument/272393514433?epid=1692784401&_trkparms=ispr%3D1&hash=item3f6beb2dc1:g:akoAAOSwcrJd3UfJ&enc=AQAFAAACYBaobrjLl8XobRIiIML1V4Imu%2Fn%2BzU5L90Z278x5ickkY3FSd4Ad8xn3oRtkVexxrJucFFT6GoaO0xJIwIvxefcwj5BrZ7wd4%2FPVkjTOOS0bnY6PZIDuQfAgtAqRmgYK0Mwgq22ovlsliGavOqp19L2vz9NDlNcwJ56%2FB0vJwYr9AAY4woCkylzlWGpEBzbQkLmOjWTUn0VbNN3pDHi1ESDKd2NOuIk8uCuDqCcdSx3LwQvvJeygPxHh5%2FKm5paVP0i641AU2RzTSPAGI7Nk2SUGO5U66PpB0mirD%2B%2FmvAWYcgTTsrsA62N51jzIVMUKn5tkCXdJCzqbSRw46SfPaV0okkjlVmChKvLgbds5FwnpmNMerLarF63NSDTVbepGbLiFaO485NNk6tjbxO9Q8lr5aIPJSt59CjLKAMgsIzOSRXmJGPNaz5dPgWYiMr7wXacVWj%2Fu%2FXKKx40JGLsv4KsWqlnAEcfYv4kDf0ToSepzdYcq7YXmy1I8ne5fCSmLB69w%2FP1yaHAkbE39Uj1OdH7MmEQImLnf2uloQ8jDf00wZNzC2N3mJt7Ks4vnJkODHJKZ70FZEX6sRZ5yCAC3diiGM2jOz6CzaO8mQ3m6VueG9LfJUwrNrptBnICMQtHtCNU7q%2FOzLwjua0ioPeOZOhOhILIvMhtS8uaCUDcdhziFhX0caIWDhMiIu%2FbSD%2B2hWZHSXiW95BiBSsrL5WwatBWGXlEZgDnWzv7BFioxWxwTWrYQcYc8E8R1QiJcQ6KgzmGi6r3hiQwjyIAZMCOyAw230N%2ByFDRxaojNslDSTBg3&checksum=27239351443365023520f4fc4d9bb2d309cb4f805e91,0694318017197,0694318017197,Coda Piano Stand,
62,piano,Digital Piano Keyoard 61 Key - Portale Electronic Instrument with Stand,302801774996,Generic,"Musical Instruments & Gear, Pianos, Keyboards & Organs, Electronic Keyboards",mixwholesale,"2,253",New,"Fort Lauderdale, FL, United States",92.99,https://i.ebayimg.com/images/g/BvQAAOSw46Fb2vq5/s-l300.jpg,"'PayPal', 'Google Pay', 'Visa', 'Master Card', 'Amex', 'Discover', 'PayPal Credit'",https://www.ebay.com/itm/61-Key-Digital-Music-Piano-Keyboard-Portable-Electronic-Musical-Instrument/272393514433?epid=1692784401&_trkparms=ispr%3D1&hash=item3f6beb2dc1:g:akoAAOSwcrJd3UfJ&enc=AQAFAAACYBaobrjLl8XobRIiIML1V4Imu%2Fn%2BzU5L90Z278x5ickkY3FSd4Ad8xn3oRtkVexxrJucFFT6GoaO0xJIwIvxefcwj5BrZ7wd4%2FPVkjTOOS0bnY6PZIDuQfAgtAqRmgYK0Mwgq22ovlsliGavOqp19L2vz9NDlNcwJ56%2FB0vJwYr9AAY4woCkylzlWGpEBzbQkLmOjWTUn0VbNN3pDHi1ESDKd2NOuIk8uCuDqCcdSx3LwQvvJeygPxHh5%2FKm5paVP0i641AU2RzTSPAGI7Nk2SUGO5U66PpB0mirD%2B%2FmvAWYcgTTsrsA62N51jzIVMUKn5tkCXdJCzqbSRw46SfPaV0okkjlVmChKvLgbds5FwnpmNMerLarF63NSDTVbepGbLiFaO485NNk6tjbxO9Q8lr5aIPJSt59CjLKAMgsIzOSRXmJGPNaz5dPgWYiMr7wXacVWj%2Fu%2FXKKx40JGLsv4KsWqlnAEcfYv4kDf0ToSepzdYcq7YXmy1I8ne5fCSmLB69w%2FP1yaHAkbE39Uj1OdH7MmEQImLnf2uloQ8jDf00wZNzC2N3mJt7Ks4vnJkODHJKZ70FZEX6sRZ5yCAC3diiGM2jOz6CzaO8mQ3m6VueG9LfJUwrNrptBnICMQtHtCNU7q%2FOzLwjua0ioPeOZOhOhILIvMhtS8uaCUDcdhziFhX0caIWDhMiIu%2FbSD%2B2hWZHSXiW95BiBSsrL5WwatBWGXlEZgDnWzv7BFioxWxwTWrYQcYc8E8R1QiJcQ6KgzmGi6r3hiQwjyIAZMCOyAw230N%2ByFDRxaojNslDSTBg3&checksum=27239351443365023520f4fc4d9bb2d309cb4f805e91,842364108974,842364108974,,
63,piano,49 Key Foldale Soft Portale Digital Roll-up Electronic Keyoard Piano Keyoard,223468383635,Homend,"Musical Instruments & Gear, Pianos, Keyboards & Organs",kezunstore2018,14,New,"Multiple Cities, United States",26.55,https://i.ebayimg.com/images/g/tQoAAOSwYilcox8z/s-l300.jpg,"'PayPal', 'Visa', 'Master Card', 'Amex', 'Discover', 'PayPal Credit'",https://www.ebay.com/itm/61-Key-Digital-Music-Piano-Keyboard-Portable-Electronic-Musical-Instrument/272393514433?epid=1692784401&_trkparms=ispr%3D1&hash=item3f6beb2dc1:g:akoAAOSwcrJd3UfJ&enc=AQAFAAACYBaobrjLl8XobRIiIML1V4Imu%2Fn%2BzU5L90Z278x5ickkY3FSd4Ad8xn3oRtkVexxrJucFFT6GoaO0xJIwIvxefcwj5BrZ7wd4%2FPVkjTOOS0bnY6PZIDuQfAgtAqRmgYK0Mwgq22ovlsliGavOqp19L2vz9NDlNcwJ56%2FB0vJwYr9AAY4woCkylzlWGpEBzbQkLmOjWTUn0VbNN3pDHi1ESDKd2NOuIk8uCuDqCcdSx3LwQvvJeygPxHh5%2FKm5paVP0i641AU2RzTSPAGI7Nk2SUGO5U66PpB0mirD%2B%2FmvAWYcgTTsrsA62N51jzIVMUKn5tkCXdJCzqbSRw46SfPaV0okkjlVmChKvLgbds5FwnpmNMerLarF63NSDTVbepGbLiFaO485NNk6tjbxO9Q8lr5aIPJSt59CjLKAMgsIzOSRXmJGPNaz5dPgWYiMr7wXacVWj%2Fu%2FXKKx40JGLsv4KsWqlnAEcfYv4kDf0ToSepzdYcq7YXmy1I8ne5fCSmLB69w%2FP1yaHAkbE39Uj1OdH7MmEQImLnf2uloQ8jDf00wZNzC2N3mJt7Ks4vnJkODHJKZ70FZEX6sRZ5yCAC3diiGM2jOz6CzaO8mQ3m6VueG9LfJUwrNrptBnICMQtHtCNU7q%2FOzLwjua0ioPeOZOhOhILIvMhtS8uaCUDcdhziFhX0caIWDhMiIu%2FbSD%2B2hWZHSXiW95BiBSsrL5WwatBWGXlEZgDnWzv7BFioxWxwTWrYQcYc8E8R1QiJcQ6KgzmGi6r3hiQwjyIAZMCOyAw230N%2ByFDRxaojNslDSTBg3&checksum=27239351443365023520f4fc4d9bb2d309cb4f805e91,615200885908,615200885908,HP0013,
